texto_original,texto_procesado,tokens,lemas,num_tokens,sentimiento,confianza,factor,score_factor,fuente,fecha
"Confesiones EMI 2.01 h · Compartido con: PúblicoConfesión sabe dónde tenemos que ir para que nos den el pasaje de bajada o subida al ir a hacer guardia?O es que ya se les pu dr!0 la cabeza que a los de alto irpavi hacen bajar al Playón y viceversa, no tienen lógica estos militares",confesiones emi 2 01 h compartido con públicoconfesión sabe dónde tenemos que ir para que nos den el pasaje de bajada o subida al ir a hacer guardia o es que ya se les pu dr 0 la cabeza que a los de alto irpavi hacen bajar al playón y viceversa no tienen lógica estos militares,"['confesiones', 'emi', 'compartido', 'con', 'públicoconfesión', 'sabe', 'dónde', 'tenemos', 'que', 'para', 'que', 'nos', 'den', 'pasaje', 'bajada', 'subida', 'hacer', 'guardia', 'que', 'les', 'cabeza', 'que', 'los', 'alto', 'irpavi', 'hacen', 'bajar', 'playón', 'viceversa', 'tienen', 'lógica', 'estos', 'militares']","['confesion', 'emi', 'compart', 'con', 'públicoconfesión', 'sabe', 'dónde', 'tenemo', 'que', 'para', 'que', 'nos', 'den', 'pasaje', 'bajada', 'subida', 'hac', 'guardia', 'que', 'les', 'cabeza', 'que', 'los', 'alto', 'irpavi', 'hacen', 'baj', 'playón', 'viceversa', 'tienen', 'lógica', 'esto', 'militar']",33,neutral,0.5,Gestión Militar,1,facebook,2026-08-18
Erick MenaMejor metete ala umsa en ahí si te atrasas un pago ya te llegan a amenazar con darte de baja en la institución o no dejarte da… 5 días,erick menamejor metete ala umsa en ahí si te atrasas un pago ya te llegan a amenazar con darte de baja en la institución o no dejarte da 5 días,"['erick', 'menamejor', 'metete', 'ala', 'umsa', 'ahí', 'atrasas', 'pago', 'llegan', 'amenazar', 'con', 'darte', 'baja', 'institución', 'dejarte', 'días']","['erick', 'menamejor', 'metete', 'ala', 'umsa', 'ahí', 'atrasa', 'pago', 'llegan', 'amenaz', 'con', 'darte', 'baja', 'institución', 'dejarte', 'día']",16,neutral,0.5,Acoso y Conflictos,1,facebook,2026-08-11
Miguel PerezMildred Arnez ahí te buscan hermana 2 años2,miguel perezmildred arnez ahí te buscan hermana 2 años2,"['miguel', 'perezmildred', 'arnez', 'ahí', 'buscan', 'hermana', 'años2']","['miguel', 'perezmildred', 'arnez', 'ahí', 'buscan', 'hermana', 'años2']",7,neutral,0.5,Sin clasificar,0,facebook,2026-08-11
"Ezequiel Wolff igual es esa vieja lok4 una docente de dibujo una desgreñada en irpavi, ya la deben conocer2 años",ezequiel wolff igual es esa vieja lok4 una docente de dibujo una desgreñada en irpavi ya la deben conocer2 años,"['ezequiel', 'wolff', 'igual', 'esa', 'vieja', 'lok4', 'una', 'docente', 'dibujo', 'una', 'desgreñada', 'irpavi', 'deben', 'conocer2', 'años']","['ezequiel', 'wolff', 'igual', 'esa', 'vieja', 'lok4', 'una', 'docente', 'dibujo', 'una', 'desgreñada', 'irpavi', 'deben', 'conocer2', 'año']",15,neutral,0.5,Calidad Académica,1,facebook,2026-08-11
"Carlos TeranQue vergüenza que una docente escriba por este medio, es falta de profesionalismo y de formación, nadie le obliga a trabajar e… 2 años",carlos teranque vergüenza que una docente escriba por este medio es falta de profesionalismo y de formación nadie le obliga a trabajar e 2 años,"['carlos', 'teranque', 'vergüenza', 'que', 'una', 'docente', 'escriba', 'por', 'este', 'medio', 'falta', 'profesionalismo', 'formación', 'nadie', 'obliga', 'trabajar', 'años']","['carlo', 'teranque', 'vergüenza', 'que', 'una', 'docente', 'escriba', 'por', 'este', 'medio', 'falta', 'profesionalismo', 'formación', 'nadie', 'obliga', 'trabaj', 'año']",17,neutral,0.5,Calidad Académica,2,facebook,2026-08-11
Rodriguez RaquelPero al entrar te hacen firmar un compromiso donde específica esa parte2 años27,rodriguez raquelpero al entrar te hacen firmar un compromiso donde específica esa parte2 años27,"['rodriguez', 'raquelpero', 'entrar', 'hacen', 'firmar', 'compromiso', 'donde', 'específica', 'esa', 'parte2', 'años27']","['rodriguez', 'raquelpero', 'entr', 'hacen', 'firm', 'compromiso', 'donde', 'específica', 'esa', 'parte2', 'años27']",11,neutral,0.5,Sin clasificar,0,facebook,2026-08-11
"Nia Pomier LópezSi son los de Totes que hicieron la publicación, no hablen para los estudiantes, ustedes saben lo que hicieron el año pasado e… 2 añosEditado2",nia pomier lópezsi son los de totes que hicieron la publicación no hablen para los estudiantes ustedes saben lo que hicieron el año pasado e 2 añoseditado2,"['nia', 'pomier', 'lópezsi', 'son', 'los', 'totes', 'que', 'hicieron', 'publicación', 'hablen', 'para', 'los', 'estudiantes', 'ustedes', 'saben', 'que', 'hicieron', 'año', 'pasado', 'añoseditado2']","['nia', 'pomi', 'lópezsi', 'son', 'los', 'tot', 'que', 'hicieron', 'publicación', 'hablen', 'para', 'los', 'estudiant', 'usted', 'saben', 'que', 'hicieron', 'año', 'pas', 'añoseditado2']",20,neutral,0.5,Atención al Estudiante,1,facebook,2026-08-11
"Samy SalSegún lo que se enseña en instrucción uno debe prever tiempos, si así es estudiando imagínate cuando trabajes si te atrazas te… 2 años32",samy salsegún lo que se enseña en instrucción uno debe prever tiempos si así es estudiando imagínate cuando trabajes si te atrazas te 2 años32,"['samy', 'salsegún', 'que', 'enseña', 'instrucción', 'uno', 'debe', 'prever', 'tiempos', 'así', 'estudiando', 'imagínate', 'cuando', 'trabajes', 'atrazas', 'años32']","['samy', 'salsegún', 'que', 'enseña', 'instrucción', 'uno', 'debe', 'prev', 'tiempo', 'así', 'estudi', 'imagínate', 'cuando', 'trabaj', 'atraza', 'años32']",16,neutral,0.5,Gestión Militar,1,facebook,2026-08-11
"Juan Carlos Rivero AyalaRene Rodriguez ah si hermano, la nueva generación no se hace sentir 2 años1",juan carlos rivero ayalarene rodriguez ah si hermano la nueva generación no se hace sentir 2 años1,"['juan', 'carlos', 'rivero', 'ayalarene', 'rodriguez', 'hermano', 'nueva', 'generación', 'hace', 'sentir', 'años1']","['juan', 'carlo', 'rivero', 'ayalarene', 'rodriguez', 'hermano', 'nueva', 'generación', 'hace', 'sent', 'años1']",11,neutral,0.5,Sin clasificar,0,facebook,2026-08-11
Rene RodriguezLas confesiones de ahora ya no son cheberes como las de antes v:2 años13,rene rodriguezlas confesiones de ahora ya no son cheberes como las de antes v 2 años13,"['rene', 'rodriguezlas', 'confesiones', 'ahora', 'son', 'cheberes', 'como', 'las', 'antes', 'años13']","['rene', 'rodriguezla', 'confesion', 'ahora', 'son', 'cheber', 'como', 'las', 'ant', 'años13']",10,neutral,0.5,Sin clasificar,0,facebook,2026-08-11
Pedrito PerezNatali Caway porqué no te callas fea de mrd2 años,pedrito pereznatali caway porqué no te callas fea de mrd2 años,"['pedrito', 'pereznatali', 'caway', 'porqué', 'callas', 'fea', 'mrd2', 'años']","['pedrito', 'pereznatali', 'caway', 'porqué', 'calla', 'fea', 'mrd2', 'año']",8,neutral,0.5,Sin clasificar,0,facebook,2026-08-11
"Natali CawayAprende a redactar primero antes de hablar de la DD, que es una excelente persona.2 años13",natali cawayaprende a redactar primero antes de hablar de la dd que es una excelente persona 2 años13,"['natali', 'cawayaprende', 'redactar', 'primero', 'antes', 'hablar', 'que', 'una', 'excelente', 'persona', 'años13']","['natali', 'cawayaprende', 'redact', 'primero', 'ant', 'habl', 'que', 'una', 'excelente', 'persona', 'años13']",11,positivo,0.6,Sin clasificar,0,facebook,2026-08-11
Abad Cocarico GomezJajaja nosotros de alto Irpavi tenemos que estar a las 0720 am formando jajaja2 años,abad cocarico gomezjajaja nosotros de alto irpavi tenemos que estar a las 0720 am formando jajaja2 años,"['abad', 'cocarico', 'gomezjajaja', 'nosotros', 'alto', 'irpavi', 'tenemos', 'que', 'estar', 'las', '0720', 'formando', 'jajaja2', 'años']","['abad', 'cocarico', 'gomezjajaja', 'nosotro', 'alto', 'irpavi', 'tenemo', 'que', 'est', 'las', '0720', 'form', 'jajaja2', 'año']",14,neutral,0.5,Dirección y Jefaturas,1,facebook,2026-08-11
Rene RodriguezEspera a 3er semestre 5to 7mo y 9no y 10mo xD2 años8,rene rodriguezespera a 3er semestre 5to 7mo y 9no y 10mo xd2 años8,"['rene', 'rodriguezespera', '3er', 'semestre', '5to', '7mo', '9no', '10mo', 'xd2', 'años8']","['rene', 'rodriguezespera', '3er', 'semestre', '5to', '7mo', '9no', '10mo', 'xd2', 'años8']",10,neutral,0.5,Sin clasificar,0,facebook,2026-08-11
Madeleine RendonSi la chica de tercero ni supo responder jaja me parece alguien bien vulgar por la forma q respondió algo tan sencillo no pudo hacerlo bien 2 años5,madeleine rendonsi la chica de tercero ni supo responder jaja me parece alguien bien vulgar por la forma q respondió algo tan sencillo no pudo hacerlo bien 2 años5,"['madeleine', 'rendonsi', 'chica', 'tercero', 'supo', 'responder', 'jaja', 'parece', 'alguien', 'bien', 'vulgar', 'por', 'forma', 'respondió', 'algo', 'tan', 'sencillo', 'pudo', 'hacerlo', 'bien', 'años5']","['madeleine', 'rendonsi', 'chica', 'tercero', 'supo', 'respond', 'jaja', 'parece', 'alguien', 'bien', 'vulg', 'por', 'forma', 'respondió', 'algo', 'tan', 'sencillo', 'pudo', 'hacerlo', 'bien', 'años5']",21,neutral,0.5,Sin clasificar,0,facebook,2026-08-11
Daniela MonrroyJhonny Flores por los nombres o es sistemas o comercial2 años,daniela monrroyjhonny flores por los nombres o es sistemas o comercial2 años,"['daniela', 'monrroyjhonny', 'flores', 'por', 'los', 'nombres', 'sistemas', 'comercial2', 'años']","['daniela', 'monrroyjhonny', 'flor', 'por', 'los', 'nombr', 'sistema', 'comercial2', 'año']",9,neutral,0.5,Sin clasificar,0,facebook,2026-08-11
Jhonny FloresA todo esto¿Que carrera es? 2 años,jhonny floresa todo esto que carrera es 2 años,"['jhonny', 'floresa', 'todo', 'esto', 'que', 'carrera', 'años']","['jhonny', 'floresa', 'todo', 'esto', 'que', 'carrera', 'año']",7,neutral,0.5,Calidad Académica,1,facebook,2026-08-11
A V Richi RicardoLavado de dinero?2 años,a v richi ricardolavado de dinero 2 años,"['richi', 'ricardolavado', 'dinero', 'años']","['richi', 'ricardolav', 'dinero', 'año']",4,neutral,0.5,Costos y Aranceles,1,facebook,2026-08-11
Luis Fernando Condoriría estar en esa carrera es como Disneylandia para los amantes de los chismes 2 años13,luis fernando condoriría estar en esa carrera es como disneylandia para los amantes de los chismes 2 años13,"['luis', 'fernando', 'condoriría', 'estar', 'esa', 'carrera', 'como', 'disneylandia', 'para', 'los', 'amantes', 'los', 'chismes', 'años13']","['lui', 'fern', 'condoriría', 'est', 'esa', 'carrera', 'como', 'disneylandia', 'para', 'los', 'amant', 'los', 'chism', 'años13']",14,neutral,0.5,Calidad Académica,1,facebook,2026-08-11
Bismarck Cirilo RiosYa empezó mi novela:2 años2,bismarck cirilo riosya empezó mi novela 2 años2,"['bismarck', 'cirilo', 'riosya', 'empezó', 'novela', 'años2']","['bismarck', 'cirilo', 'riosya', 'empezó', 'novela', 'años2']",6,neutral,0.5,Sin clasificar,0,facebook,2026-08-11
Eric CaritaRedacta un informe déjalo en recepción de documentos en el estado mayor y que lo deriven al DEP VI2 añosEditado13,eric caritaredacta un informe déjalo en recepción de documentos en el estado mayor y que lo deriven al dep vi2 añoseditado13,"['eric', 'caritaredacta', 'informe', 'déjalo', 'recepción', 'documentos', 'estado', 'mayor', 'que', 'deriven', 'dep', 'vi2', 'añoseditado13']","['eric', 'caritaredacta', 'informe', 'déjalo', 'recepción', 'documento', 'est', 'mayor', 'que', 'deriven', 'dep', 'vi2', 'añoseditado13']",13,neutral,0.5,Sin clasificar,0,facebook,2026-08-11
Mauricio Vicker CastilloSeguro el teniente se agarró a su novia 2 años,mauricio vicker castilloseguro el teniente se agarró a su novia 2 años,"['mauricio', 'vicker', 'castilloseguro', 'teniente', 'agarró', 'novia', 'años']","['mauricio', 'vick', 'castilloseguro', 'teniente', 'agarró', 'novia', 'año']",7,neutral,0.5,Gestión Militar,1,facebook,2026-08-11
Alan Criss Cuellar AquinoFree pass a los que tienen varicela 2 años16,alan criss cuellar aquinofree pass a los que tienen varicela 2 años16,"['alan', 'criss', 'cuellar', 'aquinofree', 'pass', 'los', 'que', 'tienen', 'varicela', 'años16']","['alan', 'cris', 'cuell', 'aquinofree', 'pas', 'los', 'que', 'tienen', 'varicela', 'años16']",10,neutral,0.5,Sin clasificar,0,facebook,2026-08-11
Michael Angel Oroscoestudien en ves de estar publicando tonteras y fijandose que hace o no hace el o la otr años,michael angel oroscoestudien en ves de estar publicando tonteras y fijandose que hace o no hace el o la otr años,"['michael', 'angel', 'oroscoestudien', 'ves', 'estar', 'publicando', 'tonteras', 'fijandose', 'que', 'hace', 'hace', 'otr', 'años']","['michael', 'angel', 'oroscoestudien', 'ves', 'est', 'public', 'tontera', 'fijandose', 'que', 'hace', 'hace', 'otr', 'año']",13,neutral,0.5,Sin clasificar,0,facebook,2026-08-11
Camila MuñozJoel Israel Laura Ventura tu ya no estás en la EMI que hablas. 2 años5,camila muñozjoel israel laura ventura tu ya no estás en la emi que hablas 2 años5,"['camila', 'muñozjoel', 'israel', 'laura', 'ventura', 'estás', 'emi', 'que', 'hablas', 'años5']","['camila', 'muñozjoel', 'israel', 'laura', 'ventura', 'está', 'emi', 'que', 'habla', 'años5']",10,neutral,0.5,Sin clasificar,0,facebook,2026-08-11
Joel Israel Laura Venturaestudia hermano 2 años11,joel israel laura venturaestudia hermano 2 años11,"['joel', 'israel', 'laura', 'venturaestudia', 'hermano', 'años11']","['joel', 'israel', 'laura', 'venturaestudia', 'hermano', 'años11']",6,neutral,0.5,Sin clasificar,0,facebook,2026-08-11
"Raul Cortez RodriguezColega por siacaso en ningun título de ninguna universidad en la parte posterior imprime tus notas, no te procupes de lo que e… 2 años26",raul cortez rodriguezcolega por siacaso en ningun título de ninguna universidad en la parte posterior imprime tus notas no te procupes de lo que e 2 años26,"['raul', 'cortez', 'rodriguezcolega', 'por', 'siacaso', 'ningun', 'título', 'ninguna', 'universidad', 'parte', 'posterior', 'imprime', 'tus', 'notas', 'procupes', 'que', 'años26']","['raul', 'cortez', 'rodriguezcolega', 'por', 'siacaso', 'ningun', 'título', 'ninguna', 'universidad', 'parte', 'posterior', 'imprime', 'tus', 'nota', 'procup', 'que', 'años26']",17,neutral,0.5,Calidad Académica,1,facebook,2026-08-11
Jhonny FloresNo sé quiénes son peorLas que están con un hombre con esposa o el hombre que busca cualquiera teniendo esposa … 2 años10,jhonny floresno sé quiénes son peorlas que están con un hombre con esposa o el hombre que busca cualquiera teniendo esposa 2 años10,"['jhonny', 'floresno', 'quiénes', 'son', 'peorlas', 'que', 'están', 'con', 'hombre', 'con', 'esposa', 'hombre', 'que', 'busca', 'cualquiera', 'teniendo', 'esposa', 'años10']","['jhonny', 'floresno', 'quién', 'son', 'peorla', 'que', 'están', 'con', 'hombre', 'con', 'esposa', 'hombre', 'que', 'busca', 'cualquiera', 'ten', 'esposa', 'años10']",18,neutral,0.5,Sin clasificar,0,facebook,2026-08-11
"Soleto Roca Arnold KevinYa que se anda yendo mejor seria que confienze, antes de guardar sus sentimientos ese peji2 años3",soleto roca arnold kevinya que se anda yendo mejor seria que confienze antes de guardar sus sentimientos ese peji2 años3,"['soleto', 'roca', 'arnold', 'kevinya', 'que', 'anda', 'yendo', 'mejor', 'seria', 'que', 'confienze', 'antes', 'guardar', 'sus', 'sentimientos', 'ese', 'peji2', 'años3']","['soleto', 'roca', 'arnold', 'kevinya', 'que', 'anda', 'yendo', 'mejor', 'seria', 'que', 'confienze', 'ant', 'guard', 'sus', 'sentimiento', 'ese', 'peji2', 'años3']",18,positivo,0.6,Sin clasificar,0,facebook,2026-08-11
Kylian Jonas BarreroIsrael Joel Loza Gutierrez fija lija fue ese2 años,kylian jonas barreroisrael joel loza gutierrez fija lija fue ese2 años,"['kylian', 'jonas', 'barreroisrael', 'joel', 'loza', 'gutierrez', 'fija', 'lija', 'fue', 'ese2', 'años']","['kylian', 'jona', 'barreroisrael', 'joel', 'loza', 'gutierrez', 'fija', 'lija', 'fue', 'ese2', 'año']",11,neutral,0.5,Sin clasificar,0,facebook,2026-08-11
Israel Joel Loza GutierrezPOV: *el que se aplazó en el Optativo virtual* 2 añosEditado35,israel joel loza gutierrezpov el que se aplazó en el optativo virtual 2 añoseditado35,"['israel', 'joel', 'loza', 'gutierrezpov', 'que', 'aplazó', 'optativo', 'virtual', 'añoseditado35']","['israel', 'joel', 'loza', 'gutierrezpov', 'que', 'aplazó', 'optativo', 'virtual', 'añoseditado35']",9,neutral,0.5,Sin clasificar,0,facebook,2026-08-11
"Rodrigo G Rosas""Voy a pensar que entran a clases ""2 años",rodrigo g rosas voy a pensar que entran a clases 2 años,"['rodrigo', 'rosas', 'voy', 'pensar', 'que', 'entran', 'clases', 'años']","['rodrigo', 'rosa', 'voy', 'pens', 'que', 'entran', 'clas', 'año']",8,neutral,0.5,Calidad Académica,1,facebook,2026-08-11
Eugenio EspejoApoco entran a clases2 años3,eugenio espejoapoco entran a clases2 años3,"['eugenio', 'espejoapoco', 'entran', 'clases2', 'años3']","['eugenio', 'espejoapoco', 'entran', 'clases2', 'años3']",5,neutral,0.5,Calidad Académica,1,facebook,2026-08-11
Oshin Danny EddyJaja pero solo sigan le los pasos a ese director y verán q es un cara cambia hipócrita de frente te habla bien y de tus espald… 2 años,oshin danny eddyjaja pero solo sigan le los pasos a ese director y verán q es un cara cambia hipócrita de frente te habla bien y de tus espald 2 años,"['oshin', 'danny', 'eddyjaja', 'pero', 'solo', 'sigan', 'los', 'pasos', 'ese', 'director', 'verán', 'cara', 'cambia', 'hipócrita', 'frente', 'habla', 'bien', 'tus', 'espald', 'años']","['oshin', 'danny', 'eddyjaja', 'pero', 'solo', 'sigan', 'los', 'paso', 'ese', 'director', 'verán', 'cara', 'cambia', 'hipócrita', 'frente', 'habla', 'bien', 'tus', 'espald', 'año']",20,negativo,0.7,Dirección y Jefaturas,2,facebook,2026-08-11
"Dayana AlvarezDenigrar e insultar a estudiantes, docentes y personal administrativo de una institución es una práctica despreciable que no s… 2 añosEditado1",dayana alvarezdenigrar e insultar a estudiantes docentes y personal administrativo de una institución es una práctica despreciable que no s 2 añoseditado1,"['dayana', 'alvarezdenigrar', 'insultar', 'estudiantes', 'docentes', 'personal', 'administrativo', 'una', 'institución', 'una', 'práctica', 'despreciable', 'que', 'añoseditado1']","['dayana', 'alvarezdenigr', 'insult', 'estudiant', 'docent', 'personal', 'administrativo', 'una', 'institución', 'una', 'práctica', 'despreciable', 'que', 'añoseditado1']",14,negativo,0.6,Calidad Académica,1,facebook,2026-08-11
Erika FloresNúmero de referencia?1 año,erika floresnúmero de referencia 1 año,"['erika', 'floresnúmero', 'referencia', 'año']","['erika', 'floresnúmero', 'referencia', 'año']",4,neutral,0.5,Sin clasificar,0,facebook,2026-08-11
Andre ApazaBryton Arming confirmó 2 años,andre apazabryton arming confirmó 2 años,"['andre', 'apazabryton', 'arming', 'confirmó', 'años']","['andre', 'apazabryton', 'arming', 'confirmó', 'año']",5,neutral,0.5,Sin clasificar,0,facebook,2026-08-11
"Bryton ArmingMuy caro amigo, como 700 el par? 2 años",bryton armingmuy caro amigo como 700 el par 2 años,"['bryton', 'armingmuy', 'caro', 'amigo', 'como', '700', 'par', 'años']","['bryton', 'armingmuy', 'caro', 'amigo', 'como', '700', 'par', 'año']",8,negativo,0.6,Costos y Aranceles,1,facebook,2026-08-11
Gerald OrozcoAbel hay mejores formas de salir del closet2 años14,gerald orozcoabel hay mejores formas de salir del closet2 años14,"['gerald', 'orozcoabel', 'hay', 'mejores', 'formas', 'salir', 'del', 'closet2', 'años14']","['gerald', 'orozcoabel', 'hay', 'mejor', 'forma', 'sal', 'del', 'closet2', 'años14']",9,positivo,0.7,Sin clasificar,0,facebook,2026-08-11
Diego Morales BedregalDinamiten la EMI2 años11,diego morales bedregaldinamiten la emi2 años11,"['diego', 'morales', 'bedregaldinamiten', 'emi2', 'años11']","['diego', 'moral', 'bedregaldinamiten', 'emi2', 'años11']",5,neutral,0.5,Sin clasificar,0,facebook,2026-08-11
"Rodrigo VilvarA lo que entendí solo se puede entrar a una materia, en caso de que ni fuiste a dar tu 2t no tienes derecho a los cursos inten… 2 añosEditado8",rodrigo vilvara lo que entendí solo se puede entrar a una materia en caso de que ni fuiste a dar tu 2t no tienes derecho a los cursos inten 2 añoseditado8,"['rodrigo', 'vilvara', 'que', 'entendí', 'solo', 'puede', 'entrar', 'una', 'materia', 'caso', 'que', 'fuiste', 'dar', 'tienes', 'derecho', 'los', 'cursos', 'inten', 'añoseditado8']","['rodrigo', 'vilvara', 'que', 'entendí', 'solo', 'puede', 'entr', 'una', 'materia', 'caso', 'que', 'fuiste', 'dar', 'tien', 'derecho', 'los', 'curso', 'inten', 'añoseditado8']",19,neutral,0.5,Calidad Académica,1,facebook,2026-08-11
Rodrigo VilvarDj yisus patrimonio de la Emi2 años7,rodrigo vilvardj yisus patrimonio de la emi2 años7,"['rodrigo', 'vilvardj', 'yisus', 'patrimonio', 'emi2', 'años7']","['rodrigo', 'vilvardj', 'yisu', 'patrimonio', 'emi2', 'años7']",6,neutral,0.5,Sin clasificar,0,facebook,2026-08-11
RembertoQue apuesten como migo ..... .2 años,rembertoque apuesten como migo 2 años,"['rembertoque', 'apuesten', 'como', 'migo', 'años']","['rembertoque', 'apuesten', 'como', 'migo', 'año']",5,neutral,0.5,Sin clasificar,0,facebook,2026-08-11
Marquitos Papu LauraTodos los que presentan sus quejas sabrán que no estan ahi por obligación tranquilamente pueden buscar otra privada donde reci… 2 años,marquitos papu lauratodos los que presentan sus quejas sabrán que no estan ahi por obligación tranquilamente pueden buscar otra privada donde reci 2 años,"['marquitos', 'papu', 'lauratodos', 'los', 'que', 'presentan', 'sus', 'quejas', 'sabrán', 'que', 'estan', 'ahi', 'por', 'obligación', 'tranquilamente', 'pueden', 'buscar', 'otra', 'privada', 'donde', 'reci', 'años']","['marquito', 'papu', 'lauratodo', 'los', 'que', 'presentan', 'sus', 'queja', 'sabrán', 'que', 'estan', 'ahi', 'por', 'obligación', 'tranquilamente', 'pueden', 'busc', 'otra', 'privada', 'donde', 'reci', 'año']",22,negativo,0.6,Sin clasificar,0,facebook,2026-08-11
Jhosep JayQuienes quieran entradas me avisan imbox2 años,jhosep jayquienes quieran entradas me avisan imbox2 años,"['jhosep', 'jayquienes', 'quieran', 'entradas', 'avisan', 'imbox2', 'años']","['jhosep', 'jayquien', 'quieran', 'entrada', 'avisan', 'imbox2', 'año']",7,neutral,0.5,Sin clasificar,0,facebook,2026-08-11
"Enrique SantanderMaría Verónica Ibáñez Jiménez seguro debe ser amiga o familiar de ellos, pr que no nos dices qye meritos tienen para dar tanta… 2 años3",enrique santandermaría verónica ibáñez jiménez seguro debe ser amiga o familiar de ellos pr que no nos dices qye meritos tienen para dar tanta 2 años3,"['enrique', 'santandermaría', 'verónica', 'ibáñez', 'jiménez', 'seguro', 'debe', 'ser', 'amiga', 'familiar', 'ellos', 'que', 'nos', 'dices', 'qye', 'meritos', 'tienen', 'para', 'dar', 'tanta', 'años3']","['enrique', 'santandermaría', 'verónica', 'ibáñez', 'jiménez', 'seguro', 'debe', 'ser', 'amiga', 'famili', 'ello', 'que', 'nos', 'dic', 'qye', 'merito', 'tienen', 'para', 'dar', 'tanta', 'años3']",21,neutral,0.5,Sin clasificar,0,facebook,2026-08-11
"María Verónica Ibáñez JiménezLa Lic. Margarita es muy buena, ustedes de perfiles falsos no saben cómo hacer quedar mal, si no quedaron dentro, debe ser por… 2 años3",maría verónica ibáñez jiménezla lic margarita es muy buena ustedes de perfiles falsos no saben cómo hacer quedar mal si no quedaron dentro debe ser por 2 años3,"['maría', 'verónica', 'ibáñez', 'jiménezla', 'lic', 'margarita', 'muy', 'buena', 'ustedes', 'perfiles', 'falsos', 'saben', 'cómo', 'hacer', 'quedar', 'mal', 'quedaron', 'dentro', 'debe', 'ser', 'por', 'años3']","['maría', 'verónica', 'ibáñez', 'jiménezla', 'lic', 'margarita', 'muy', 'buena', 'usted', 'perfil', 'falso', 'saben', 'cómo', 'hac', 'qued', 'mal', 'quedaron', 'dentro', 'debe', 'ser', 'por', 'años3']",22,positivo,0.6,Sin clasificar,0,facebook,2026-08-11
Marcelo Fuentes NavaDanni Gali si es una aburrida esa mujer le toca una mosca y ya está quejándose que la ultrajaron 2 años,marcelo fuentes navadanni gali si es una aburrida esa mujer le toca una mosca y ya está quejándose que la ultrajaron 2 años,"['marcelo', 'fuentes', 'navadanni', 'gali', 'una', 'aburrida', 'esa', 'mujer', 'toca', 'una', 'mosca', 'está', 'quejándose', 'que', 'ultrajaron', 'años']","['marcelo', 'fuent', 'navadanni', 'gali', 'una', 'aburrida', 'esa', 'muj', 'toca', 'una', 'mosca', 'está', 'quejándose', 'que', 'ultrajaron', 'año']",16,neutral,0.5,Sin clasificar,0,facebook,2026-08-11
"Danni GaliEstas publicaciones malintencionadas no son más que una muestra del odio y la misoginia, de la violencia machista que reina en… 2 años5",danni galiestas publicaciones malintencionadas no son más que una muestra del odio y la misoginia de la violencia machista que reina en 2 años5,"['danni', 'galiestas', 'publicaciones', 'malintencionadas', 'son', 'más', 'que', 'una', 'muestra', 'del', 'odio', 'misoginia', 'violencia', 'machista', 'que', 'reina', 'años5']","['danni', 'galiesta', 'publicacion', 'malintencionada', 'son', 'más', 'que', 'una', 'muestra', 'del', 'odio', 'misoginia', 'violencia', 'machista', 'que', 'reina', 'años5']",17,negativo,0.99,Acoso y Conflictos,2,facebook,2026-08-11
"Carlos TeranBienvenida al fracaso, con tu mediocre comentario acabas de abrir sus puertas. Asumí tus problemas y limitaciones y no eches l… 2 años5",carlos teranbienvenida al fracaso con tu mediocre comentario acabas de abrir sus puertas asumí tus problemas y limitaciones y no eches l 2 años5,"['carlos', 'teranbienvenida', 'fracaso', 'con', 'mediocre', 'comentario', 'acabas', 'abrir', 'sus', 'puertas', 'asumí', 'tus', 'problemas', 'limitaciones', 'eches', 'años5']","['carlo', 'teranbienvenida', 'fracaso', 'con', 'mediocre', 'comentario', 'acaba', 'abr', 'sus', 'puerta', 'asumí', 'tus', 'problema', 'limitacion', 'ech', 'años5']",16,negativo,0.9,Sin clasificar,0,facebook,2026-08-11
"Briseica FebreroQue pena que comenten cosas que no sucedieron, la ing. Pame es una persona muy comprensible y buena, que mal que siendo d… 1 año10",briseica febreroque pena que comenten cosas que no sucedieron la ing pame es una persona muy comprensible y buena que mal que siendo d 1 año10,"['briseica', 'febreroque', 'pena', 'que', 'comenten', 'cosas', 'que', 'sucedieron', 'ing', 'pame', 'una', 'persona', 'muy', 'comprensible', 'buena', 'que', 'mal', 'que', 'siendo', 'año10']","['briseica', 'febreroque', 'pena', 'que', 'comenten', 'cosa', 'que', 'sucedieron', 'ing', 'pame', 'una', 'persona', 'muy', 'comprensible', 'buena', 'que', 'mal', 'que', 'siendo', 'año10']",20,positivo,0.7,Sin clasificar,0,facebook,2026-08-11
Paola RubíJajajaj por fin alguien dice la verdad de la señorita esa... que no ayuda en nada..1 año,paola rubíjajajaj por fin alguien dice la verdad de la señorita esa que no ayuda en nada 1 año,"['paola', 'rubíjajajaj', 'por', 'fin', 'alguien', 'dice', 'verdad', 'señorita', 'esa', 'que', 'ayuda', 'nada', 'año']","['paola', 'rubíjajajaj', 'por', 'fin', 'alguien', 'dice', 'verdad', 'señorita', 'esa', 'que', 'ayuda', 'nada', 'año']",13,neutral,0.5,Atención al Estudiante,1,facebook,2026-08-11
Adrian MeruviaHola quiero hacer un reclamo.... Que es lo que esta pasando en Ing. Industrial?.Quién es el nuevo jefe de carrera? Quien mand… 1 año,adrian meruviahola quiero hacer un reclamo que es lo que esta pasando en ing industrial quién es el nuevo jefe de carrera quien mand 1 año,"['adrian', 'meruviahola', 'quiero', 'hacer', 'reclamo', 'que', 'que', 'esta', 'pasando', 'ing', 'industrial', 'quién', 'nuevo', 'jefe', 'carrera', 'quien', 'mand', 'año']","['adrian', 'meruviahola', 'quiero', 'hac', 'reclamo', 'que', 'que', 'esta', 'pas', 'ing', 'industrial', 'quién', 'nuevo', 'jefe', 'carrera', 'quien', 'mand', 'año']",18,negativo,0.6,Dirección y Jefaturas,1,facebook,2026-08-11
Adrian MeruviaHola quiero hacer un reclamo.... Que es lo que esta pasando en Ing. Industrial?.Quién es el nuevo jefe de carrera? Quien mand… 1 año2,adrian meruviahola quiero hacer un reclamo que es lo que esta pasando en ing industrial quién es el nuevo jefe de carrera quien mand 1 año2,"['adrian', 'meruviahola', 'quiero', 'hacer', 'reclamo', 'que', 'que', 'esta', 'pasando', 'ing', 'industrial', 'quién', 'nuevo', 'jefe', 'carrera', 'quien', 'mand', 'año2']","['adrian', 'meruviahola', 'quiero', 'hac', 'reclamo', 'que', 'que', 'esta', 'pas', 'ing', 'industrial', 'quién', 'nuevo', 'jefe', 'carrera', 'quien', 'mand', 'año2']",18,negativo,0.6,Dirección y Jefaturas,1,facebook,2026-08-11
