fuente,id_origen,titulo,texto,autor,fecha_original,likes,comentarios,url,metadata,fecha_creacion,fecha_dt,fecha_dia,anio,longitud_texto,archivo_origen,fecha_carga,texto_limpio,tokens,lemas,num_tokens_final,pipeline_version,descartado,motivo_descarte,es_nuevo,es_valido
facebook,fb_91aeb240e1e038593a223f6ffd4e0306,Publicación de Confesiones EMI 2.0,"Confesiones EMI 2.01 h · Compartido con: PúblicoConfesión sabe dónde tenemos que ir para que nos den el pasaje de bajada o subida al ir a hacer guardia?O es que ya se les pu dr!0 la cabeza que a los de alto irpavi hacen bajar al Playón y viceversa, no tienen lógica estos militares",Anónimo,2026-08-18T10:58:55.578348,0,0,https://www.facebook.com/people/Confesiones-EMI-20/61569086544131/,"{'pagina': 'Confesiones EMI 2.0', 'tipo': 'publicacion', 'url_origen': 'https://www.facebook.com/people/Confesiones-EMI-20/61569086544131/'}",2026-08-18 10:58:55.578348,2026-08-18 10:58,2026-08-18,2026,281,raw_facebook_20260818_105857,2026-09-16 14:17:05,"Confesiones EMI 2.01 h Compartido con: PúblicoConfesión sabe dónde tenemos que ir para que nos den el pasaje de bajada o subida al ir a hacer guardia?O es que ya se les pu dr!0 la cabeza que a los de alto irpavi hacen bajar al Playón y viceversa, no tienen lógica estos militares",,,,,,,False,True
facebook,fb_76eea153ae5f681933754b07b10dcd66,Publicación de confesiones_emi_2,Erick MenaMejor metete ala umsa en ahí si te atrasas un pago ya te llegan a amenazar con darte de baja en la institución o no dejarte da… 5 días,Anónimo,2026-08-11T16:20:02.923822,0,0,https://www.facebook.com/people/Confesiones-EMI-20/61569086544131/,"{'pagina': 'confesiones_emi_2', 'tipo': 'publicacion'}",2026-08-11 16:20:02.923822,2026-08-11 16:20,2026-08-11,2026,144,raw_facebook_20260811_162004_procesado_procesado_procesado,2026-09-16 14:17:05,Erick MenaMejor metete ala umsa en ahí si te atrasas un pago ya te llegan a amenazar con darte de baja en la institución o no dejarte da 5 días,"[""ericque"", ""menamejor"", ""metete"", ""ala"", ""umsa"", ""atrasas"", ""pago"", ""llegan"", ""amenazar"", ""darte"", ""baja"", ""institución"", ""dejarte""]","[""ericque"", ""menamejor"", ""metete"", ""alo"", ""umsa"", ""atrasar"", ""pago"", ""llegar"", ""amenazar"", ""darte"", ""baja"", ""institución"", ""dejarte""]",13.0,v1.0.0,False,,False,True
facebook,fb_f52f5099e7dc0c9dfae8a1181f321c63,Publicación de confesiones_emi,Miguel PerezMildred Arnez ahí te buscan hermana 2 años2,Anónimo,2026-08-11T16:19:00.618352,0,0,https://www.facebook.com/p/Confesiones-EMI-100063576877118/,"{'pagina': 'confesiones_emi', 'tipo': 'publicacion'}",2026-08-11 16:19:00.618352,2026-08-11 16:19,2026-08-11,2026,55,raw_facebook_20260811_162004_procesado_procesado_procesado,2026-09-16 14:17:05,Miguel PerezMildred Arnez ahí te buscan hermana 2 años2,"[""miguel"", ""perezmildred"", ""arnez"", ""buscan"", ""hermana"", ""años2""]","[""miguel"", ""perezmildred"", ""arnez"", ""buscar"", ""hermana"", ""años2""]",6.0,v1.0.0,False,,False,True
facebook,fb_68bd967996f74fc07de711ccc8398641,Publicación de confesiones_emi,"Carlos TeranQue vergüenza que una docente escriba por este medio, es falta de profesionalismo y de formación, nadie le obliga a trabajar e… 2 años",Anónimo,2026-08-11T16:19:00.382208,0,0,https://www.facebook.com/p/Confesiones-EMI-100063576877118/,"{'pagina': 'confesiones_emi', 'tipo': 'publicacion'}",2026-08-11 16:19:00.382208,2026-08-11 16:19,2026-08-11,2026,146,raw_facebook_20260811_162004_procesado_procesado_procesado,2026-09-16 14:17:05,"Carlos TeranQue verg enza que una docente escriba por este medio, es falta de profesionalismo y de formación, nadie le obliga a trabajar e 2 años","[""carlos"", ""teranqueue"", ""verg"", ""enza"", ""queue"", ""docente"", ""escriba"", ""falta"", ""profesionalismo"", ""formación"", ""obliga"", ""trabajar"", ""años""]","[""carlos"", ""teranqueue"", ""verg"", ""enza"", ""queuar"", ""docente"", ""escrir"", ""falta"", ""profesionalismo"", ""formación"", ""obligar"", ""trabajar"", ""año""]",13.0,v1.0.0,False,,False,True
facebook,fb_7e7aadf532a62348a276593f56dc1545,Publicación de confesiones_emi,Rodriguez RaquelPero al entrar te hacen firmar un compromiso donde específica esa parte2 años27,Anónimo,2026-08-11T16:19:00.264630,0,0,https://www.facebook.com/p/Confesiones-EMI-100063576877118/,"{'pagina': 'confesiones_emi', 'tipo': 'publicacion'}",2026-08-11 16:19:00.264630,2026-08-11 16:19,2026-08-11,2026,95,raw_facebook_20260811_162004_procesado_procesado_procesado,2026-09-16 14:17:05,Rodriguez RaquelPero al entrar te hacen firmar un compromiso donde específica esa parte2 años27,"[""rodriguez"", ""raqueuelpero"", ""entrar"", ""firmar"", ""compromiso"", ""específica"", ""parte2"", ""años27""]","[""rodriguez"", ""raqueuelpero"", ""entrar"", ""firmar"", ""compromiso"", ""específicar"", ""parte2"", ""años27""]",8.0,v1.0.0,True,,False,True
facebook,fb_5914614be4e88d03393ea0628eaf77a3,Publicación de confesiones_emi,"Nia Pomier LópezSi son los de Totes que hicieron la publicación, no hablen para los estudiantes, ustedes saben lo que hicieron el año pasado e… 2 añosEditado2",Anónimo,2026-08-11T16:19:00.150539,0,0,https://www.facebook.com/p/Confesiones-EMI-100063576877118/,"{'pagina': 'confesiones_emi', 'tipo': 'publicacion'}",2026-08-11 16:19:00.150539,2026-08-11 16:19,2026-08-11,2026,158,raw_facebook_20260811_162004_procesado_procesado_procesado,2026-09-16 14:17:05,"Nia Pomier LópezSi son los de Totes que hicieron la publicación, no hablen para los estudiantes, ustedes saben lo que hicieron el año pasado e 2 añosEditado2","[""nia"", ""pomier"", ""lópezsi"", ""totes"", ""queue"", ""publicación"", ""hablen"", ""estudiantes"", ""queue"", ""año"", ""añoseditado2""]","[""nia"", ""pomier"", ""lópezsi"", ""tot"", ""queue"", ""publicación"", ""hablar"", ""estudiante"", ""queue"", ""año"", ""añoseditado2""]",11.0,v1.0.0,False,,False,True
facebook,fb_a5a8b04cab77fb122550c4e8ab070cb5,Publicación de confesiones_emi,"Samy SalSegún lo que se enseña en instrucción uno debe prever tiempos, si así es estudiando imagínate cuando trabajes si te atrazas te… 2 años32",Anónimo,2026-08-11T16:19:00.036022,0,0,https://www.facebook.com/p/Confesiones-EMI-100063576877118/,"{'pagina': 'confesiones_emi', 'tipo': 'publicacion'}",2026-08-11 16:19:00.036022,2026-08-11 16:19,2026-08-11,2026,144,raw_facebook_20260811_162004_procesado_procesado_procesado,2026-09-16 14:17:05,"Samy SalSegún lo que se enseña en instrucción uno debe prever tiempos, si así es estudiando imagínate cuando trabajes si te atrazas te 2 años32","[""samy"", ""salsegún"", ""queue"", ""enseña"", ""instrucción"", ""prever"", ""tiempos"", ""estudiando"", ""imagínate"", ""trabajes"", ""atrazas"", ""años32""]","[""samy"", ""salsegún"", ""queue"", ""enseñar"", ""instrucción"", ""prever"", ""tiempo"", ""estudiar"", ""imagínate"", ""trabaj"", ""atrazar"", ""años32""]",12.0,v1.0.0,False,,False,True
facebook,fb_7a9520e8c1674d7a92f44b1f364f9ccb,Publicación de confesiones_emi,"Juan Carlos Rivero AyalaRene Rodriguez ah si hermano, la nueva generación no se hace sentir 2 años1",Anónimo,2026-08-11T16:18:59.915961,0,0,https://www.facebook.com/p/Confesiones-EMI-100063576877118/,"{'pagina': 'confesiones_emi', 'tipo': 'publicacion'}",2026-08-11 16:18:59.915961,2026-08-11 16:18,2026-08-11,2026,99,raw_facebook_20260811_162004_procesado_procesado_procesado,2026-09-16 14:17:05,"Juan Carlos Rivero AyalaRene Rodriguez ah si hermano, la nueva generación no se hace sentir 2 años1","[""juan"", ""carlos"", ""rivero"", ""ayalarene"", ""rodriguez"", ""ah"", ""hermano"", ""generación"", ""sentir"", ""años1""]","[""juan"", ""carlos"", ""rivero"", ""ayalarenir"", ""rodriguez"", ""ah"", ""hermano"", ""generación"", ""sentir"", ""años1""]",10.0,v1.0.0,False,,False,True
facebook,fb_4af3aadfa08977105ec3a4a08763c0a5,Publicación de confesiones_emi,Rene RodriguezLas confesiones de ahora ya no son cheberes como las de antes v:2 años13,Anónimo,2026-08-11T16:18:59.775836,0,0,https://www.facebook.com/p/Confesiones-EMI-100063576877118/,"{'pagina': 'confesiones_emi', 'tipo': 'publicacion'}",2026-08-11 16:18:59.775836,2026-08-11 16:18,2026-08-11,2026,86,raw_facebook_20260811_162004_procesado_procesado_procesado,2026-09-16 14:17:05,Rene RodriguezLas confesiones de ahora ya no son cheberes como las de antes v:2 años13,"[""rene"", ""rodriguezlas"", ""cheberes"", ""v:2"", ""años13""]","[""renir"", ""rodriguezla"", ""cheber"", ""v:2"", ""años13""]",5.0,v1.0.0,False,,False,True
facebook,fb_e5b660d2df2f04f96f8d83fefd971574,Publicación de confesiones_emi,Pedrito PerezNatali Caway porqué no te callas fea de mrd2 años,Anónimo,2026-08-11T16:18:59.622742,0,0,https://www.facebook.com/p/Confesiones-EMI-100063576877118/,"{'pagina': 'confesiones_emi', 'tipo': 'publicacion'}",2026-08-11 16:18:59.622742,2026-08-11 16:18,2026-08-11,2026,62,raw_facebook_20260811_162004_procesado_procesado_procesado,2026-09-16 14:17:05,Pedrito PerezNatali Caway porqué no te callas fea de mrd2 años,"[""pedrito"", ""pereznatali"", ""caway"", ""porqueué"", ""callas"", ""fea"", ""mierda2"", ""años""]","[""pedrito"", ""pereznatali"", ""caway"", ""porqueué"", ""callar"", ""feo"", ""mierda2"", ""año""]",8.0,v1.0.0,False,,True,True
facebook,fb_428996851d6ef39e84c1f128ef1899da,Publicación de confesiones_emi,"Natali CawayAprende a redactar primero antes de hablar de la DD, que es una excelente persona.2 años13",Anónimo,2026-08-11T16:18:59.470655,0,0,https://www.facebook.com/p/Confesiones-EMI-100063576877118/,"{'pagina': 'confesiones_emi', 'tipo': 'publicacion'}",2026-08-11 16:18:59.470655,2026-08-11 16:18,2026-08-11,2026,102,raw_facebook_20260811_162004_procesado_procesado_procesado,2026-09-16 14:17:05,"Natali CawayAprende a redactar primero antes de hablar de la DD, que es una excelente persona.2 años13","[""natali"", ""cawayaprende"", ""redactar"", ""hablar"", ""dd"", ""queue"", ""excelente"", ""persona.2"", ""años13""]","[""natali"", ""cawayaprendir"", ""redactar"", ""hablar"", ""dd"", ""queue"", ""excelente"", ""persona.2"", ""años13""]",9.0,v1.0.0,False,,False,True
facebook,fb_f4b5e70ae861ae58e0fdca4485a9649c,Publicación de confesiones_emi,Abad Cocarico GomezJajaja nosotros de alto Irpavi tenemos que estar a las 0720 am formando jajaja2 años,Anónimo,2026-08-11T16:18:59.341589,0,0,https://www.facebook.com/p/Confesiones-EMI-100063576877118/,"{'pagina': 'confesiones_emi', 'tipo': 'publicacion'}",2026-08-11 16:18:59.341589,2026-08-11 16:18,2026-08-11,2026,103,raw_facebook_20260811_162004_procesado_procesado_procesado,2026-09-16 14:17:05,Abad Cocarico GomezJajaja nosotros de alto Irpavi tenemos que estar a las 0720 am formando jajaja2 años,"[""abad"", ""cocarico"", ""gomezjajaja"", ""queue"", ""0720"", ""am"", ""formando"", ""jajaja2"", ""años""]","[""abad"", ""cocarico"", ""gomezjajajar"", ""queuar"", ""0720"", ""am"", ""formar"", ""jajaja2"", ""año""]",9.0,v1.0.0,False,,False,True
facebook,fb_81fa1d9d837da9aeaa60cf2f04c53188,Publicación de confesiones_emi,Rene RodriguezEspera a 3er semestre 5to 7mo y 9no y 10mo xD2 años8,Anónimo,2026-08-11T16:18:59.216361,0,0,https://www.facebook.com/p/Confesiones-EMI-100063576877118/,"{'pagina': 'confesiones_emi', 'tipo': 'publicacion'}",2026-08-11 16:18:59.216361,2026-08-11 16:18,2026-08-11,2026,66,raw_facebook_20260811_162004_procesado_procesado_procesado,2026-09-16 14:17:05,Rene RodriguezEspera a 3er semestre 5to 7mo y 9no y 10mo xD2 años8,"[""rene"", ""rodriguezespera"", ""3er"", ""semestre"", ""5to"", ""7mo"", ""9no"", ""10mo"", ""xd2"", ""años8""]","[""renir"", ""rodriguezespera"", ""3er"", ""semestre"", ""5to"", ""7mo"", ""9no"", ""10mo"", ""xd2"", ""años8""]",10.0,v1.0.0,False,,False,True
facebook,fb_fbf431e1ef03f7f9a007d6fd610bb7ec,Publicación de confesiones_emi,Madeleine RendonSi la chica de tercero ni supo responder jaja me parece alguien bien vulgar por la forma q respondió algo tan sencillo no pudo hacerlo bien 2 años5,Anónimo,2026-08-11T16:18:59.063252,0,0,https://www.facebook.com/p/Confesiones-EMI-100063576877118/,"{'pagina': 'confesiones_emi', 'tipo': 'publicacion'}",2026-08-11 16:18:59.063252,2026-08-11 16:18,2026-08-11,2026,163,raw_facebook_20260811_162004_procesado_procesado_procesado,2026-09-16 14:17:05,Madeleine RendonSi la chica de tercero ni supo responder jaja me parece alguien bien vulgar por la forma q respondió algo tan sencillo no pudo hacerlo bien 2 años5,"[""madeleine"", ""rendonsi"", ""chica"", ""supo"", ""responder"", ""jaja"", ""alguien"", ""vulgar"", ""forma"", ""respondió"", ""sencillo"", ""años5""]","[""madeleine"", ""rendonsi"", ""chica"", ""saber"", ""responder"", ""jaja"", ""alguien"", ""vulgar"", ""forma"", ""responder"", ""sencillo"", ""años5""]",12.0,v1.0.0,False,,True,True
facebook,fb_1fb7fd64660bd366f00416a631a5ac8b,Publicación de confesiones_emi,Daniela MonrroyJhonny Flores por los nombres o es sistemas o comercial2 años,Anónimo,2026-08-11T16:18:58.903136,0,0,https://www.facebook.com/p/Confesiones-EMI-100063576877118/,"{'pagina': 'confesiones_emi', 'tipo': 'publicacion'}",2026-08-11 16:18:58.903136,2026-08-11 16:18,2026-08-11,2026,76,raw_facebook_20260811_162004_procesado_procesado_procesado,2026-09-16 14:17:05,Daniela MonrroyJhonny Flores por los nombres o es sistemas o comercial2 años,"[""daniela"", ""monrroyjhonny"", ""flores"", ""nombres"", ""sistemas"", ""comercial2"", ""años""]","[""danielar"", ""monrroyjhonny"", ""flor"", ""nombre"", ""sistema"", ""comercial2"", ""año""]",7.0,v1.0.0,False,,True,True
facebook,fb_62cb8497773c3b57b7226878153098ea,Publicación de confesiones_emi,A V Richi RicardoLavado de dinero?2 años,Anónimo,2026-08-11T16:18:58.545979,0,0,https://www.facebook.com/p/Confesiones-EMI-100063576877118/,"{'pagina': 'confesiones_emi', 'tipo': 'publicacion'}",2026-08-11 16:18:58.545979,2026-08-11 16:18,2026-08-11,2026,40,raw_facebook_20260811_162004_procesado_procesado_procesado,2026-09-16 14:17:05,A V Richi RicardoLavado de dinero?2 años,"[""v"", ""richi"", ""ricardolavado"", ""dinero?2"", ""años""]","[""v"", ""richi"", ""ricardolavado"", ""dinero?2"", ""año""]",5.0,v1.0.0,True,,False,True
facebook,fb_2d3fef5698ba69f1bb42609090920c52,Publicación de confesiones_emi,Luis Fernando Condoriría estar en esa carrera es como Disneylandia para los amantes de los chismes 2 años13,Anónimo,2026-08-11T16:18:58.408407,0,0,https://www.facebook.com/p/Confesiones-EMI-100063576877118/,"{'pagina': 'confesiones_emi', 'tipo': 'publicacion'}",2026-08-11 16:18:58.408407,2026-08-11 16:18,2026-08-11,2026,107,raw_facebook_20260811_162004_procesado_procesado_procesado,2026-09-16 14:17:05,Luis Fernando Condoriría estar en esa carrera es como Disneylandia para los amantes de los chismes 2 años13,"[""luis"", ""fernando"", ""condoriría"", ""carrera"", ""disneylandia"", ""amantes"", ""chismes"", ""años13""]","[""luis"", ""fernando"", ""condorier"", ""carrera"", ""disneylandia"", ""amante"", ""chismes"", ""años13""]",8.0,v1.0.0,False,,True,True
facebook,fb_45eca5f274415ac47a27858fa544acdf,Publicación de confesiones_emi,Bismarck Cirilo RiosYa empezó mi novela:2 años2,Anónimo,2026-08-11T16:18:58.238696,0,0,https://www.facebook.com/p/Confesiones-EMI-100063576877118/,"{'pagina': 'confesiones_emi', 'tipo': 'publicacion'}",2026-08-11 16:18:58.238696,2026-08-11 16:18,2026-08-11,2026,47,raw_facebook_20260811_162004_procesado_procesado_procesado,2026-09-16 14:17:05,Bismarck Cirilo RiosYa empezó mi novela:2 años2,"[""bismarcque"", ""cirilo"", ""riosya"", ""empezó"", ""novela:2"", ""años2""]","[""bismarcque"", ""cirilo"", ""riosya"", ""empezar"", ""novela:2"", ""años2""]",6.0,v1.0.0,False,,False,True
facebook,fb_c21c2499060064b91194e6e8ae9b92e2,Publicación de confesiones_emi,Eric CaritaRedacta un informe déjalo en recepción de documentos en el estado mayor y que lo deriven al DEP VI2 añosEditado13,Anónimo,2026-08-11T16:18:58.099298,0,0,https://www.facebook.com/p/Confesiones-EMI-100063576877118/,"{'pagina': 'confesiones_emi', 'tipo': 'publicacion'}",2026-08-11 16:18:58.099298,2026-08-11 16:18,2026-08-11,2026,124,raw_facebook_20260811_162004_procesado_procesado_procesado,2026-09-16 14:17:05,Eric CaritaRedacta un informe déjalo en recepción de documentos en el estado mayor y que lo deriven al DEP VI2 añosEditado13,"[""eric"", ""caritaredacta"", ""informe"", ""déjalo"", ""recepción"", ""documentos"", ""queue"", ""deriven"", ""dep"", ""vi2"", ""añoseditado13""]","[""eric"", ""caritaredacto"", ""informe"", ""déjalo"", ""recepción"", ""documento"", ""queue"", ""deriven"", ""dep"", ""vi2"", ""añoseditado13""]",11.0,v1.0.0,False,,False,True
facebook,fb_0afc3ea4f79d34de516818085a4d0a9a,Publicación de confesiones_emi,Mauricio Vicker CastilloSeguro el teniente se agarró a su novia 2 años,Anónimo,2026-08-11T16:18:57.891184,0,0,https://www.facebook.com/p/Confesiones-EMI-100063576877118/,"{'pagina': 'confesiones_emi', 'tipo': 'publicacion'}",2026-08-11 16:18:57.891184,2026-08-11 16:18,2026-08-11,2026,70,raw_facebook_20260811_162004_procesado_procesado_procesado,2026-09-16 14:17:05,Mauricio Vicker CastilloSeguro el teniente se agarró a su novia 2 años,"[""mauricio"", ""vicqueer"", ""castilloseguro"", ""teniente"", ""agarró"", ""novia"", ""años""]","[""mauricio"", ""vicqueer"", ""castilloseguro"", ""teniente"", ""agarrar"", ""novia"", ""año""]",7.0,v1.0.0,True,,True,True
facebook,fb_06adfabd62aadebbc0507b8413280a65,Publicación de confesiones_emi,Alan Criss Cuellar AquinoFree pass a los que tienen varicela 2 años16,Anónimo,2026-08-11T16:18:57.673100,0,0,https://www.facebook.com/p/Confesiones-EMI-100063576877118/,"{'pagina': 'confesiones_emi', 'tipo': 'publicacion'}",2026-08-11 16:18:57.673100,2026-08-11 16:18,2026-08-11,2026,69,raw_facebook_20260811_162004_procesado_procesado_procesado,2026-09-16 14:17:05,Alan Criss Cuellar AquinoFree pass a los que tienen varicela 2 años16,"[""alan"", ""criss"", ""cuellar"", ""aqueuinofree"", ""pass"", ""queue"", ""varicela"", ""años16""]","[""alan"", ""criss"", ""cuellar"", ""aqueuinofree"", ""pass"", ""queue"", ""varicela"", ""años16""]",8.0,v1.0.0,False,,False,True
facebook,fb_e60815eb5ccecc5f046590d3303fd8d9,Publicación de confesiones_emi,Michael Angel Oroscoestudien en ves de estar publicando tonteras y fijandose que hace o no hace el o la otr años,Anónimo,2026-08-11T16:18:57.544065,0,0,https://www.facebook.com/p/Confesiones-EMI-100063576877118/,"{'pagina': 'confesiones_emi', 'tipo': 'publicacion'}",2026-08-11 16:18:57.544065,2026-08-11 16:18,2026-08-11,2026,112,raw_facebook_20260811_162004_procesado_procesado_procesado,2026-09-16 14:17:05,Michael Angel Oroscoestudien en ves de estar publicando tonteras y fijandose que hace o no hace el o la otr años,"[""michael"", ""angel"", ""oroscoestudien"", ""ves"", ""publicando"", ""tonteras"", ""fijandose"", ""queue"", ""otr"", ""años""]","[""michael"", ""angel"", ""oroscoestudien"", ""ves"", ""publicar"", ""tontera"", ""fijar él"", ""queue"", ""otr"", ""año""]",10.0,v1.0.0,False,,False,True
facebook,fb_d76d3f78ddbffcf72fe3b2be5bc8a602,Publicación de confesiones_emi,Camila MuñozJoel Israel Laura Ventura tu ya no estás en la EMI que hablas. 2 años5,Anónimo,2026-08-11T16:18:57.340754,0,0,https://www.facebook.com/p/Confesiones-EMI-100063576877118/,"{'pagina': 'confesiones_emi', 'tipo': 'publicacion'}",2026-08-11 16:18:57.340754,2026-08-11 16:18,2026-08-11,2026,82,raw_facebook_20260811_162004_procesado_procesado_procesado,2026-09-16 14:17:05,Camila MuñozJoel Israel Laura Ventura tu ya no estás en la EMI que hablas. 2 años5,"[""camila"", ""muñozjoel"", ""israel"", ""laura"", ""ventura"", ""estás"", ""queue"", ""hablas"", ""años5""]","[""camilar"", ""muñozjoel"", ""israel"", ""laura"", ""venturo"", ""estar"", ""queuar"", ""habla"", ""años5""]",9.0,v1.0.0,False,,False,True
facebook,fb_05590e78b81320ee4f6da6d1eda6bc99,Publicación de confesiones_emi,Joel Israel Laura Venturaestudia hermano 2 años11,Anónimo,2026-08-11T16:18:57.218220,0,0,https://www.facebook.com/p/Confesiones-EMI-100063576877118/,"{'pagina': 'confesiones_emi', 'tipo': 'publicacion'}",2026-08-11 16:18:57.218220,2026-08-11 16:18,2026-08-11,2026,49,raw_facebook_20260811_162004_procesado_procesado_procesado,2026-09-16 14:17:05,Joel Israel Laura Venturaestudia hermano 2 años11,"[""joel"", ""israel"", ""laura"", ""venturaestudia"", ""hermano"", ""años11""]","[""joel"", ""israel"", ""laura"", ""venturaestudio"", ""hermano"", ""años11""]",6.0,v1.0.0,False,,False,True
facebook,fb_9a6a11dc791c95602799b0f51807d4e6,Publicación de confesiones_emi,Jhonny FloresNo sé quiénes son peorLas que están con un hombre con esposa o el hombre que busca cualquiera teniendo esposa … 2 años10,Anónimo,2026-08-11T16:18:56.793834,0,0,https://www.facebook.com/p/Confesiones-EMI-100063576877118/,"{'pagina': 'confesiones_emi', 'tipo': 'publicacion'}",2026-08-11 16:18:56.793834,2026-08-11 16:18,2026-08-11,2026,133,raw_facebook_20260811_162004_procesado_procesado_procesado,2026-09-16 14:17:05,Jhonny FloresNo sé quiénes son peorLas que están con un hombre con esposa o el hombre que busca cualquiera teniendo esposa 2 años10,"[""jhonny"", ""floresno"", ""queuiénes"", ""peorlas"", ""queue"", ""hombre"", ""esposa"", ""hombre"", ""queue"", ""busca"", ""cualqueuiera"", ""teniendo"", ""esposa"", ""años10""]","[""jhonny"", ""floresno"", ""queuién"", ""peorla"", ""queue"", ""hombre"", ""esposa"", ""hombre"", ""queue"", ""buscar"", ""cualqueueír"", ""tener"", ""esposa"", ""años10""]",14.0,v1.0.0,False,,True,True
facebook,fb_6060f7091d6c5c3182d2f3644816c9e5,Publicación de confesiones_emi,"Soleto Roca Arnold KevinYa que se anda yendo mejor seria que confienze, antes de guardar sus sentimientos ese peji2 años3",Anónimo,2026-08-11T16:18:56.617225,0,0,https://www.facebook.com/p/Confesiones-EMI-100063576877118/,"{'pagina': 'confesiones_emi', 'tipo': 'publicacion'}",2026-08-11 16:18:56.617225,2026-08-11 16:18,2026-08-11,2026,121,raw_facebook_20260811_162004_procesado_procesado_procesado,2026-09-16 14:17:05,"Soleto Roca Arnold KevinYa que se anda yendo mejor seria que confienze, antes de guardar sus sentimientos ese peji2 años3","[""soleto"", ""roca"", ""arnold"", ""queevinya"", ""queue"", ""anda"", ""yendo"", ""seria"", ""queue"", ""confienze"", ""guardar"", ""sentimientos"", ""peji2"", ""años3""]","[""soleto"", ""rocar"", ""arnold"", ""queevinya"", ""queue"", ""andar"", ""ir"", ""serio"", ""queuar"", ""confienze"", ""guardar"", ""sentimiento"", ""peji2"", ""años3""]",14.0,v1.0.0,False,,True,True
facebook,fb_1c5e42666e378d2d4948410d6929527e,Publicación de confesiones_emi,Kylian Jonas BarreroIsrael Joel Loza Gutierrez fija lija fue ese2 años,Anónimo,2026-08-11T16:18:56.460690,0,0,https://www.facebook.com/p/Confesiones-EMI-100063576877118/,"{'pagina': 'confesiones_emi', 'tipo': 'publicacion'}",2026-08-11 16:18:56.460690,2026-08-11 16:18,2026-08-11,2026,70,raw_facebook_20260811_162004_procesado_procesado_procesado,2026-09-16 14:17:05,Kylian Jonas BarreroIsrael Joel Loza Gutierrez fija lija fue ese2 años,"[""queylian"", ""jonas"", ""barreroisrael"", ""joel"", ""loza"", ""gutierrez"", ""fija"", ""lija"", ""ese2"", ""años""]","[""queylian"", ""jona"", ""barreroisrael"", ""joel"", ""loza"", ""gutierrez"", ""fija"", ""lija"", ""ese2"", ""año""]",10.0,v1.0.0,False,,True,True
facebook,fb_2c5f1751af2968917de4290f199629a6,Publicación de confesiones_emi,Israel Joel Loza GutierrezPOV: *el que se aplazó en el Optativo virtual* 2 añosEditado35,Anónimo,2026-08-11T16:18:56.310595,0,0,https://www.facebook.com/p/Confesiones-EMI-100063576877118/,"{'pagina': 'confesiones_emi', 'tipo': 'publicacion'}",2026-08-11 16:18:56.310595,2026-08-11 16:18,2026-08-11,2026,88,raw_facebook_20260811_162004_procesado_procesado_procesado,2026-09-16 14:17:05,Israel Joel Loza GutierrezPOV: el que se aplazó en el Optativo virtual 2 añosEditado35,"[""israel"", ""joel"", ""loza"", ""gutierrezpov"", ""queue"", ""aplazó"", ""optativo"", ""virtual"", ""añoseditado35""]","[""israel"", ""joel"", ""loza"", ""gutierrezpov"", ""queue"", ""aplazar"", ""optativo"", ""virtual"", ""añoseditado35""]",9.0,v1.0.0,False,,True,True
facebook,fb_7af94cc53ebffa21c07b84bad6afe501,Publicación de confesiones_emi,"Rodrigo G Rosas""Voy a pensar que entran a clases ""2 años",Anónimo,2026-08-11T16:18:56.165049,0,0,https://www.facebook.com/p/Confesiones-EMI-100063576877118/,"{'pagina': 'confesiones_emi', 'tipo': 'publicacion'}",2026-08-11 16:18:56.165049,2026-08-11 16:18,2026-08-11,2026,56,raw_facebook_20260811_162004_procesado_procesado_procesado,2026-09-16 14:17:05,Rodrigo G Rosas Voy a pensar que entran a clases 2 años,"[""rodrigo"", ""g"", ""rosas"", ""pensar"", ""queue"", ""entran"", ""clases"", ""años""]","[""rodriguir"", ""g"", ""rosas"", ""pensar"", ""queue"", ""entrar"", ""clase"", ""año""]",8.0,v1.0.0,False,,False,True
facebook,fb_620f0fb6b542a360583ff6cc8c5879f6,Publicación de confesiones_emi,Eugenio EspejoApoco entran a clases2 años3,Anónimo,2026-08-11T16:18:56.027555,0,0,https://www.facebook.com/p/Confesiones-EMI-100063576877118/,"{'pagina': 'confesiones_emi', 'tipo': 'publicacion'}",2026-08-11 16:18:56.027555,2026-08-11 16:18,2026-08-11,2026,42,raw_facebook_20260811_162004_procesado_procesado_procesado,2026-09-16 14:17:05,Eugenio EspejoApoco entran a clases2 años3,"[""eugenio"", ""espejoapoco"", ""entran"", ""clases2"", ""años3""]","[""eugenio"", ""espejoapoco"", ""entrar"", ""clases2"", ""años3""]",5.0,v1.0.0,False,,False,True
facebook,fb_f347329314969bfa73a82894e537a656,Publicación de confesiones_emi,Oshin Danny EddyJaja pero solo sigan le los pasos a ese director y verán q es un cara cambia hipócrita de frente te habla bien y de tus espald… 2 años,Anónimo,2026-08-11T16:18:55.897013,0,0,https://www.facebook.com/p/Confesiones-EMI-100063576877118/,"{'pagina': 'confesiones_emi', 'tipo': 'publicacion'}",2026-08-11 16:18:55.897013,2026-08-11 16:18,2026-08-11,2026,150,raw_facebook_20260811_162004_procesado_procesado_procesado,2026-09-16 14:17:05,Oshin Danny EddyJaja pero solo sigan le los pasos a ese director y verán q es un cara cambia hipócrita de frente te habla bien y de tus espald 2 años,"[""oshin"", ""danny"", ""eddyjaja"", ""sigan"", ""pasos"", ""director"", ""verán"", ""cara"", ""cambia"", ""hipócrita"", ""frente"", ""espald"", ""años""]","[""oshin"", ""danny"", ""eddyjaja"", ""seguir"", ""paso"", ""director"", ""ver"", ""cara"", ""cambiar"", ""hipócrita"", ""frente"", ""espald"", ""año""]",13.0,v1.0.0,False,,False,True
facebook,fb_9aa4c4fa1b37b3add4e032a100bcd5e5,Publicación de confesiones_emi,"Dayana AlvarezDenigrar e insultar a estudiantes, docentes y personal administrativo de una institución es una práctica despreciable que no s… 2 añosEditado1",Anónimo,2026-08-11T16:18:55.779459,0,0,https://www.facebook.com/p/Confesiones-EMI-100063576877118/,"{'pagina': 'confesiones_emi', 'tipo': 'publicacion'}",2026-08-11 16:18:55.779459,2026-08-11 16:18,2026-08-11,2026,156,raw_facebook_20260811_162004_procesado_procesado_procesado,2026-09-16 14:17:05,"Dayana AlvarezDenigrar e insultar a estudiantes, docentes y personal administrativo de una institución es una práctica despreciable que no s 2 añosEditado1","[""dayana"", ""alvarezdenigrar"", ""insultar"", ""estudiantes"", ""docentes"", ""personal"", ""administrativo"", ""institución"", ""práctica"", ""despreciable"", ""queue"", ""s"", ""añoseditado1""]","[""dayán"", ""alvarezdenigrar"", ""insultar"", ""estudiante"", ""docente"", ""personal"", ""administrativo"", ""institución"", ""práctica"", ""despreciable"", ""queue"", ""s"", ""añoseditado1""]",13.0,v1.0.0,False,,False,True
facebook,fb_15a0c76cbae78fb54f6e7cb2a46879f0,Publicación de confesiones_emi,Erika FloresNúmero de referencia?1 año,Anónimo,2026-08-11T16:18:55.654422,0,0,https://www.facebook.com/p/Confesiones-EMI-100063576877118/,"{'pagina': 'confesiones_emi', 'tipo': 'publicacion'}",2026-08-11 16:18:55.654422,2026-08-11 16:18,2026-08-11,2026,38,raw_facebook_20260811_162004_procesado_procesado_procesado,2026-09-16 14:17:05,Erika FloresNúmero de referencia?1 año,"[""eriquea"", ""floresnúmero"", ""referencia?1"", ""año""]","[""eriquea"", ""floresnúmero"", ""referencia?1"", ""año""]",4.0,v1.0.0,False,,False,True
facebook,fb_60514f8efefeda6b9206ef9878fd7d29,Publicación de confesiones_emi,Andre ApazaBryton Arming confirmó 2 años,Anónimo,2026-08-11T16:18:55.539254,0,0,https://www.facebook.com/p/Confesiones-EMI-100063576877118/,"{'pagina': 'confesiones_emi', 'tipo': 'publicacion'}",2026-08-11 16:18:55.539254,2026-08-11 16:18,2026-08-11,2026,40,raw_facebook_20260811_162004_procesado_procesado_procesado,2026-09-16 14:17:05,Andre ApazaBryton Arming confirmó 2 años,"[""andre"", ""apazabryton"", ""arming"", ""confirmó"", ""años""]","[""andre"", ""apazabryton"", ""arming"", ""confirmar"", ""año""]",5.0,v1.0.0,False,,True,True
facebook,fb_1b9d10296d0b0afe67f878ff3740782b,Publicación de confesiones_emi,"Bryton ArmingMuy caro amigo, como 700 el par? 2 años",Anónimo,2026-08-11T16:18:55.402695,0,0,https://www.facebook.com/p/Confesiones-EMI-100063576877118/,"{'pagina': 'confesiones_emi', 'tipo': 'publicacion'}",2026-08-11 16:18:55.402695,2026-08-11 16:18,2026-08-11,2026,52,raw_facebook_20260811_162004_procesado_procesado_procesado,2026-09-16 14:17:05,"Bryton ArmingMuy caro amigo, como 700 el par? 2 años","[""bryton"", ""armingmuy"", ""caro"", ""amigo"", ""700"", ""par"", ""años""]","[""bryton"", ""armingmuy"", ""caro"", ""amigo"", ""700"", ""par"", ""año""]",7.0,v1.0.0,False,,False,True
facebook,fb_6cb454822bac66bb5b127187e5a15b53,Publicación de confesiones_emi,Gerald OrozcoAbel hay mejores formas de salir del closet2 años14,Anónimo,2026-08-11T16:18:55.264099,0,0,https://www.facebook.com/p/Confesiones-EMI-100063576877118/,"{'pagina': 'confesiones_emi', 'tipo': 'publicacion'}",2026-08-11 16:18:55.264099,2026-08-11 16:18,2026-08-11,2026,64,raw_facebook_20260811_162004_procesado_procesado_procesado,2026-09-16 14:17:05,Gerald OrozcoAbel hay mejores formas de salir del closet2 años14,"[""gerald"", ""orozcoabel"", ""mejores"", ""formas"", ""salir"", ""closet2"", ""años14""]","[""gerald"", ""orozcoabel"", ""mejor"", ""forma"", ""salir"", ""closet2"", ""años14""]",7.0,v1.0.0,False,,False,True
facebook,fb_0ae2bd7da5a6708ce91acade57e61544,Publicación de confesiones_emi,Diego Morales BedregalDinamiten la EMI2 años11,Anónimo,2026-08-11T16:18:55.128976,0,0,https://www.facebook.com/p/Confesiones-EMI-100063576877118/,"{'pagina': 'confesiones_emi', 'tipo': 'publicacion'}",2026-08-11 16:18:55.128976,2026-08-11 16:18,2026-08-11,2026,46,raw_facebook_20260811_162004_procesado_procesado_procesado,2026-09-16 14:17:05,Diego Morales BedregalDinamiten la EMI2 años11,"[""diego"", ""morales"", ""bedregaldinamiten"", ""emi2"", ""años11""]","[""diego"", ""morales"", ""bedregaldinamitar"", ""emi2"", ""años11""]",5.0,v1.0.0,False,,False,True
facebook,fb_a793e638a434679cd65edf6d7c9b9b42,Publicación de confesiones_emi,Rodrigo VilvarDj yisus patrimonio de la Emi2 años7,Anónimo,2026-08-11T16:18:54.841565,0,0,https://www.facebook.com/p/Confesiones-EMI-100063576877118/,"{'pagina': 'confesiones_emi', 'tipo': 'publicacion'}",2026-08-11 16:18:54.841565,2026-08-11 16:18,2026-08-11,2026,50,raw_facebook_20260811_162004_procesado_procesado_procesado,2026-09-16 14:17:05,Rodrigo VilvarDj yisus patrimonio de la Emi2 años7,"[""rodrigo"", ""vilvardj"", ""yisus"", ""patrimonio"", ""emi2"", ""años7""]","[""rodriguir"", ""vilvardj"", ""yisus"", ""patrimonio"", ""emi2"", ""años7""]",6.0,v1.0.0,True,,False,True
facebook,fb_e5ee5dff7a516686bccc6c5421d26878,Publicación de confesiones_emi,RembertoQue apuesten como migo ..... .2 años,Anónimo,2026-08-11T16:18:54.702000,0,0,https://www.facebook.com/p/Confesiones-EMI-100063576877118/,"{'pagina': 'confesiones_emi', 'tipo': 'publicacion'}",2026-08-11 16:18:54.702000,2026-08-11 16:18,2026-08-11,2026,44,raw_facebook_20260811_162004_procesado_procesado_procesado,2026-09-16 14:17:05,RembertoQue apuesten como migo ..... .2 años,"[""rembertoqueue"", ""apuesten"", ""migo"", "".2"", ""años""]","[""rembertoqueue"", ""apostar"", ""migo"", "".2"", ""año""]",5.0,v1.0.0,False,,True,True
facebook,fb_62f5eb2b0aa28f8c3e99b54a98b0d00d,Publicación de confesiones_emi,Marquitos Papu LauraTodos los que presentan sus quejas sabrán que no estan ahi por obligación tranquilamente pueden buscar otra privada donde reci… 2 años,Anónimo,2026-08-11T16:18:54.548947,0,0,https://www.facebook.com/p/Confesiones-EMI-100063576877118/,"{'pagina': 'confesiones_emi', 'tipo': 'publicacion'}",2026-08-11 16:18:54.548947,2026-08-11 16:18,2026-08-11,2026,154,raw_facebook_20260811_162004_procesado_procesado_procesado,2026-09-16 14:17:05,Marquitos Papu LauraTodos los que presentan sus quejas sabrán que no estan ahi por obligación tranquilamente pueden buscar otra privada donde reci 2 años,"[""marqueuitos"", ""papu"", ""lauratodos"", ""queue"", ""presentan"", ""queuejas"", ""sabrán"", ""queue"", ""obligación"", ""tranqueuilamente"", ""buscar"", ""privada"", ""reci"", ""años""]","[""marqueuito"", ""papu"", ""lauratodo"", ""queue"", ""presentar"", ""queueja"", ""saber"", ""queue"", ""obligación"", ""tranqueuilamente"", ""buscar"", ""privada"", ""reci"", ""año""]",14.0,v1.0.0,False,,False,True
facebook,fb_59d85746ae2bf1b0a564f43764d02da5,Publicación de confesiones_emi,Jhosep JayQuienes quieran entradas me avisan imbox2 años,Anónimo,2026-08-11T16:18:54.428395,0,0,https://www.facebook.com/p/Confesiones-EMI-100063576877118/,"{'pagina': 'confesiones_emi', 'tipo': 'publicacion'}",2026-08-11 16:18:54.428395,2026-08-11 16:18,2026-08-11,2026,56,raw_facebook_20260811_162004_procesado_procesado_procesado,2026-09-16 14:17:05,Jhosep JayQuienes quieran entradas me avisan imbox2 años,"[""jhosep"", ""jayqueuienes"", ""queuieran"", ""entradas"", ""avisan"", ""imbox2"", ""años""]","[""jhosep"", ""jayqueuién"", ""queueír"", ""entrada"", ""avisar"", ""imbox2"", ""año""]",7.0,v1.0.0,False,,False,True
facebook,fb_8efc6778f4205e395fd1d020d9d82841,Publicación de confesiones_emi,"Enrique SantanderMaría Verónica Ibáñez Jiménez seguro debe ser amiga o familiar de ellos, pr que no nos dices qye meritos tienen para dar tanta… 2 años3",Anónimo,2026-08-11T16:18:54.305848,0,0,https://www.facebook.com/p/Confesiones-EMI-100063576877118/,"{'pagina': 'confesiones_emi', 'tipo': 'publicacion'}",2026-08-11 16:18:54.305848,2026-08-11 16:18,2026-08-11,2026,152,raw_facebook_20260811_162004_procesado_procesado_procesado,2026-09-16 14:17:05,"Enrique SantanderMaría Verónica Ibáñez Jiménez seguro debe ser amiga o familiar de ellos, pr que no nos dices qye meritos tienen para dar tanta 2 años3","[""enriqueue"", ""santandermaría"", ""verónica"", ""ibáñez"", ""jiménez"", ""seguro"", ""amiga"", ""familiar"", ""pr"", ""queue"", ""dices"", ""queye"", ""meritos"", ""tanta"", ""años3""]","[""enriqueue"", ""santandermacer"", ""verónico"", ""ibáñez"", ""jiménez"", ""seguro"", ""amiga"", ""familiar"", ""pr"", ""queue"", ""decir"", ""queir"", ""merito"", ""tanto"", ""años3""]",15.0,v1.0.0,False,,False,True
facebook,fb_39bc6711b8ddf023e5e63863dc0efbc9,Publicación de confesiones_emi,"María Verónica Ibáñez JiménezLa Lic. Margarita es muy buena, ustedes de perfiles falsos no saben cómo hacer quedar mal, si no quedaron dentro, debe ser por… 2 años3",Anónimo,2026-08-11T16:18:54.186036,0,0,https://www.facebook.com/p/Confesiones-EMI-100063576877118/,"{'pagina': 'confesiones_emi', 'tipo': 'publicacion'}",2026-08-11 16:18:54.186036,2026-08-11 16:18,2026-08-11,2026,164,raw_facebook_20260811_162004_procesado_procesado_procesado,2026-09-16 14:17:05,"María Verónica Ibáñez JiménezLa Lic. Margarita es muy buena, ustedes de perfiles falsos no saben cómo hacer quedar mal, si no quedaron dentro, debe ser por 2 años3","[""maría"", ""verónica"", ""ibáñez"", ""jiménezla"", ""lic"", ""margarita"", ""perfiles"", ""falsos"", ""queuedar"", ""queuedaron"", ""años3""]","[""maría"", ""verónicar"", ""ibáñez"", ""jiménezla"", ""lic"", ""margarita"", ""perfil"", ""falso"", ""queuedar"", ""queuedar"", ""años3""]",11.0,v1.0.0,False,,False,True
facebook,fb_43e27e8a016d08128f3a988290e68f68,Publicación de confesiones_emi,Marcelo Fuentes NavaDanni Gali si es una aburrida esa mujer le toca una mosca y ya está quejándose que la ultrajaron 2 años,Anónimo,2026-08-11T16:18:54.071496,0,0,https://www.facebook.com/p/Confesiones-EMI-100063576877118/,"{'pagina': 'confesiones_emi', 'tipo': 'publicacion'}",2026-08-11 16:18:54.071496,2026-08-11 16:18,2026-08-11,2026,123,raw_facebook_20260811_162004_procesado_procesado_procesado,2026-09-16 14:17:05,Marcelo Fuentes NavaDanni Gali si es una aburrida esa mujer le toca una mosca y ya está quejándose que la ultrajaron 2 años,"[""marcelo"", ""fuentes"", ""navadanni"", ""gali"", ""aburrida"", ""mujer"", ""toca"", ""mosca"", ""queuejándose"", ""queue"", ""ultrajaron"", ""años""]","[""marcelo"", ""fuente"", ""navadanni"", ""gali"", ""aburrido"", ""mujer"", ""tocar"", ""mosca"", ""queuejar él"", ""queue"", ""ultrajar"", ""año""]",12.0,v1.0.0,False,,True,True
facebook,fb_5fa5912bb31e8f350b2d954e2d8ba2b7,Publicación de confesiones_emi,"Danni GaliEstas publicaciones malintencionadas no son más que una muestra del odio y la misoginia, de la violencia machista que reina en… 2 años5",Anónimo,2026-08-11T16:18:53.951404,0,0,https://www.facebook.com/p/Confesiones-EMI-100063576877118/,"{'pagina': 'confesiones_emi', 'tipo': 'publicacion'}",2026-08-11 16:18:53.951404,2026-08-11 16:18,2026-08-11,2026,145,raw_facebook_20260811_162004_procesado_procesado_procesado,2026-09-16 14:17:05,"Danni GaliEstas publicaciones malintencionadas no son más que una muestra del odio y la misoginia, de la violencia machista que reina en 2 años5","[""danni"", ""galiestas"", ""publicaciones"", ""malintencionadas"", ""queue"", ""muestra"", ""odio"", ""misoginia"", ""violencia"", ""machista"", ""queue"", ""reina"", ""años5""]","[""danni"", ""galiestos"", ""publicación"", ""malintencionado"", ""queuir"", ""muestra"", ""odio"", ""misoginia"", ""violencia"", ""machista"", ""queue"", ""reinar"", ""años5""]",13.0,v1.0.0,False,,True,True
facebook,fb_5c26729852f1cdf6facb46e28c9f7fc8,Publicación de confesiones_emi,"Carlos TeranBienvenida al fracaso, con tu mediocre comentario acabas de abrir sus puertas. Asumí tus problemas y limitaciones y no eches l… 2 años5",Anónimo,2026-08-11T16:18:53.831837,0,0,https://www.facebook.com/p/Confesiones-EMI-100063576877118/,"{'pagina': 'confesiones_emi', 'tipo': 'publicacion'}",2026-08-11 16:18:53.831837,2026-08-11 16:18,2026-08-11,2026,147,raw_facebook_20260811_162004_procesado_procesado_procesado,2026-09-16 14:17:05,"Carlos TeranBienvenida al fracaso, con tu mediocre comentario acabas de abrir sus puertas. Asumí tus problemas y limitaciones y no eches l 2 años5","[""carlos"", ""teranbienvenida"", ""fracaso"", ""mediocre"", ""comentario"", ""acabas"", ""abrir"", ""puertas"", ""asumí"", ""problemas"", ""limitaciones"", ""eches"", ""l"", ""años5""]","[""carlos"", ""teranbienvenido"", ""fracaso"", ""mediocre"", ""comentario"", ""acabas"", ""abrir"", ""puerta"", ""asumí"", ""problema"", ""limitación"", ""ech"", ""l"", ""años5""]",14.0,v1.0.0,False,,False,True
facebook,fb_7ea147912316d3051906f1e684140ad2,Publicación de confesiones_emi,"Briseica FebreroQue pena que comenten cosas que no sucedieron, la ing. Pame es una persona muy comprensible y buena, que mal que siendo d… 1 año10",Anónimo,2026-08-11T16:18:53.253052,0,0,https://www.facebook.com/p/Confesiones-EMI-100063576877118/,"{'pagina': 'confesiones_emi', 'tipo': 'publicacion'}",2026-08-11 16:18:53.253052,2026-08-11 16:18,2026-08-11,2026,146,raw_facebook_20260811_162004_procesado_procesado_procesado,2026-09-16 14:17:05,"Briseica FebreroQue pena que comenten cosas que no sucedieron, la ing. Pame es una persona muy comprensible y buena, que mal que siendo d 1 año10","[""briseica"", ""febreroqueue"", ""pena"", ""queue"", ""comenten"", ""cosas"", ""queue"", ""sucedieron"", ""ing"", ""pame"", ""persona"", ""comprensible"", ""queue"", ""queue"", ""d"", ""año10""]","[""briseico"", ""febreroqueue"", ""pena"", ""queue"", ""comentir"", ""cosa"", ""queue"", ""suceder"", ""ing"", ""pame"", ""persona"", ""comprensible"", ""queue"", ""queue"", ""d"", ""año10""]",16.0,v1.0.0,False,,False,True
facebook,fb_63080db69226fa088f9893db633ddb14,Publicación de confesiones_emi,Paola RubíJajajaj por fin alguien dice la verdad de la señorita esa... que no ayuda en nada..1 año,Anónimo,2026-08-11T16:18:53.130471,0,0,https://www.facebook.com/p/Confesiones-EMI-100063576877118/,"{'pagina': 'confesiones_emi', 'tipo': 'publicacion'}",2026-08-11 16:18:53.130471,2026-08-11 16:18,2026-08-11,2026,98,raw_facebook_20260811_162004_procesado_procesado_procesado,2026-09-16 14:17:05,Paola RubíJajajaj por fin alguien dice la verdad de la señorita esa... que no ayuda en nada..1 año,"[""paola"", ""rubíjajajaj"", ""alguien"", ""señorita"", ""queue"", ""ayuda"", ""año""]","[""paola"", ""rubíjajajaj"", ""alguien"", ""señorita"", ""queue"", ""ayudar"", ""año""]",7.0,v1.0.0,False,,True,True
facebook,fb_e4f623b9f5bebc26a33197dbcf132645,Publicación de confesiones_emi,Adrian MeruviaHola quiero hacer un reclamo.... Que es lo que esta pasando en Ing. Industrial?.Quién es el nuevo jefe de carrera? Quien mand… 1 año,Anónimo,2026-08-11T16:18:52.997941,0,0,https://www.facebook.com/p/Confesiones-EMI-100063576877118/,"{'pagina': 'confesiones_emi', 'tipo': 'publicacion'}",2026-08-11 16:18:52.997941,2026-08-11 16:18,2026-08-11,2026,146,raw_facebook_20260811_162004_procesado_procesado_procesado,2026-09-16 14:17:05,Adrian MeruviaHola quiero hacer un reclamo.... Que es lo que esta pasando en Ing. Industrial?.Quién es el nuevo jefe de carrera? Quien mand 1 año,"[""adrian"", ""meruviahola"", ""queuiero"", ""reclamo"", ""queue"", ""queue"", ""pasando"", ""ing"", ""industrial?.queuién"", ""jefe"", ""carrera"", ""queuien"", ""mand"", ""año""]","[""adriar"", ""meruviahola"", ""queuiero"", ""reclamo"", ""queue"", ""queuar"", ""pasar"", ""ing"", ""industrial?.queuién"", ""jefe"", ""carrera"", ""queuien"", ""mand"", ""año""]",14.0,v1.0.0,False,,True,True
facebook,fb_271ad705ad6c9b4c06e555d338864f9f,Publicación de confesiones_emi,Adrian MeruviaHola quiero hacer un reclamo.... Que es lo que esta pasando en Ing. Industrial?.Quién es el nuevo jefe de carrera? Quien mand… 1 año2,Anónimo,2026-08-11T16:18:52.849857,0,0,https://www.facebook.com/p/Confesiones-EMI-100063576877118/,"{'pagina': 'confesiones_emi', 'tipo': 'publicacion'}",2026-08-11 16:18:52.849857,2026-08-11 16:18,2026-08-11,2026,147,raw_facebook_20260811_162004_procesado_procesado_procesado,2026-09-16 14:17:05,Adrian MeruviaHola quiero hacer un reclamo.... Que es lo que esta pasando en Ing. Industrial?.Quién es el nuevo jefe de carrera? Quien mand 1 año2,"[""adrian"", ""meruviahola"", ""queuiero"", ""reclamo"", ""queue"", ""queue"", ""pasando"", ""ing"", ""industrial?.queuién"", ""jefe"", ""carrera"", ""queuien"", ""mand"", ""año2""]","[""adriar"", ""meruviahola"", ""queuiero"", ""reclamo"", ""queue"", ""queuar"", ""pasar"", ""ing"", ""industrial?.queuién"", ""jefe"", ""carrera"", ""queuien"", ""mand"", ""año2""]",14.0,v1.0.0,False,,False,True
