fuente,id,texto,autor,fecha,metadata,id_origen,titulo,fecha_creacion,likes,comentarios,url,fecha_tipo
facebook,facebook_0_1785263144,Publicación de prueba 0 sobre la EMI,Usuario_0,2026-07-28 14:25:44,{'simulado': True},,,,,,,exacta
facebook,,Adrian MeruviaHola quiero hacer un reclamo.... Que es lo que esta pasando en Ing. Industrial?.Quién es el nuevo jefe de carrera? Quien mand…,Anónimo,2025-12-12 09:01:47,"{'pagina': 'confesiones_emi', 'tipo': 'publicacion'}",fb_271ad705ad6c9b4c06e555d338864f9f,Publicación de confesiones_emi,2026-08-11T16:18:52.849857,0,0,https://www.facebook.com/p/Confesiones-EMI-100063576877118/,estimada_por_periodo
facebook,,Adrian MeruviaHola quiero hacer un reclamo.... Que es lo que esta pasando en Ing. Industrial?.Quién es el nuevo jefe de carrera? Quien mand…,Anónimo,2025-07-23 11:14:08,"{'pagina': 'confesiones_emi', 'tipo': 'publicacion'}",fb_e4f623b9f5bebc26a33197dbcf132645,Publicación de confesiones_emi,2026-08-11T16:18:52.997941,0,0,https://www.facebook.com/p/Confesiones-EMI-100063576877118/,estimada_por_periodo
facebook,,Paola RubíJajajaj por fin alguien dice la verdad de la señorita esa... que no ayuda en nada..,Anónimo,2026-01-19 09:43:47,"{'pagina': 'confesiones_emi', 'tipo': 'publicacion'}",fb_63080db69226fa088f9893db633ddb14,Publicación de confesiones_emi,2026-08-11T16:18:53.130471,0,0,https://www.facebook.com/p/Confesiones-EMI-100063576877118/,estimada_por_periodo
facebook,,"Briseica FebreroQue pena que comenten cosas que no sucedieron, la ing. Pame es una persona muy comprensible y buena, que mal que siendo d…",Anónimo,2026-03-20 16:05:37,"{'pagina': 'confesiones_emi', 'tipo': 'publicacion'}",fb_7ea147912316d3051906f1e684140ad2,Publicación de confesiones_emi,2026-08-11T16:18:53.253052,0,0,https://www.facebook.com/p/Confesiones-EMI-100063576877118/,estimada_por_periodo
facebook,,"Carlos TeranBienvenida al fracaso, con tu mediocre comentario acabas de abrir sus puertas. Asumí tus problemas y limitaciones y no eches l…",Anónimo,2024-09-18 08:01:05,"{'pagina': 'confesiones_emi', 'tipo': 'publicacion'}",fb_5c26729852f1cdf6facb46e28c9f7fc8,Publicación de confesiones_emi,2026-08-11T16:18:53.831837,0,0,https://www.facebook.com/p/Confesiones-EMI-100063576877118/,estimada_por_periodo
facebook,,"Danni GaliEstas publicaciones malintencionadas no son más que una muestra del odio y la misoginia, de la violencia machista que reina en…",Anónimo,2024-07-01 11:32:38,"{'pagina': 'confesiones_emi', 'tipo': 'publicacion'}",fb_5fa5912bb31e8f350b2d954e2d8ba2b7,Publicación de confesiones_emi,2026-08-11T16:18:53.951404,0,0,https://www.facebook.com/p/Confesiones-EMI-100063576877118/,estimada_por_periodo
facebook,,Marcelo Fuentes NavaDanni Gali si es una aburrida esa mujer le toca una mosca y ya está quejándose que la ultrajaron,Anónimo,2024-04-18 16:12:45,"{'pagina': 'confesiones_emi', 'tipo': 'publicacion'}",fb_43e27e8a016d08128f3a988290e68f68,Publicación de confesiones_emi,2026-08-11T16:18:54.071496,0,0,https://www.facebook.com/p/Confesiones-EMI-100063576877118/,estimada_por_periodo
facebook,,"María Verónica Ibáñez JiménezLa Lic. Margarita es muy buena, ustedes de perfiles falsos no saben cómo hacer quedar mal, si no quedaron dentro, debe ser por…",Anónimo,2024-12-16 19:34:26,"{'pagina': 'confesiones_emi', 'tipo': 'publicacion'}",fb_39bc6711b8ddf023e5e63863dc0efbc9,Publicación de confesiones_emi,2026-08-11T16:18:54.186036,0,0,https://www.facebook.com/p/Confesiones-EMI-100063576877118/,estimada_por_periodo
facebook,,"Enrique SantanderMaría Verónica Ibáñez Jiménez seguro debe ser amiga o familiar de ellos, pr que no nos dices qye meritos tienen para dar tanta…",Anónimo,2024-07-02 15:37:17,"{'pagina': 'confesiones_emi', 'tipo': 'publicacion'}",fb_8efc6778f4205e395fd1d020d9d82841,Publicación de confesiones_emi,2026-08-11T16:18:54.305848,0,0,https://www.facebook.com/p/Confesiones-EMI-100063576877118/,estimada_por_periodo
facebook,,Jhosep JayQuienes quieran entradas me avisan imbox,Anónimo,2025-02-16 21:00:48,"{'pagina': 'confesiones_emi', 'tipo': 'publicacion'}",fb_59d85746ae2bf1b0a564f43764d02da5,Publicación de confesiones_emi,2026-08-11T16:18:54.428395,0,0,https://www.facebook.com/p/Confesiones-EMI-100063576877118/,estimada_por_periodo
facebook,,Marquitos Papu LauraTodos los que presentan sus quejas sabrán que no estan ahi por obligación tranquilamente pueden buscar otra privada donde reci…,Anónimo,2025-02-14 10:44:27,"{'pagina': 'confesiones_emi', 'tipo': 'publicacion'}",fb_62f5eb2b0aa28f8c3e99b54a98b0d00d,Publicación de confesiones_emi,2026-08-11T16:18:54.548947,0,0,https://www.facebook.com/p/Confesiones-EMI-100063576877118/,estimada_por_periodo
facebook,,RembertoQue apuesten como migo ..... .,Anónimo,2024-08-18 12:09:13,"{'pagina': 'confesiones_emi', 'tipo': 'publicacion'}",fb_e5ee5dff7a516686bccc6c5421d26878,Publicación de confesiones_emi,2026-08-11T16:18:54.702000,0,0,https://www.facebook.com/p/Confesiones-EMI-100063576877118/,estimada_por_periodo
facebook,,Rodrigo VilvarDj yisus patrimonio de la Emi,Anónimo,2025-01-29 13:06:05,"{'pagina': 'confesiones_emi', 'tipo': 'publicacion'}",fb_a793e638a434679cd65edf6d7c9b9b42,Publicación de confesiones_emi,2026-08-11T16:18:54.841565,0,0,https://www.facebook.com/p/Confesiones-EMI-100063576877118/,estimada_por_periodo
facebook,,"Rodrigo VilvarA lo que entendí solo se puede entrar a una materia, en caso de que ni fuiste a dar tu 2t no tienes derecho a los cursos inten…",Anónimo,2024-09-02 09:22:54,"{'pagina': 'confesiones_emi', 'tipo': 'publicacion'}",fb_3033530f1c11d8bf9fa4f349b09f1c5e,Publicación de confesiones_emi,2026-08-11T16:18:54.958233,0,0,https://www.facebook.com/p/Confesiones-EMI-100063576877118/,estimada_por_periodo
facebook,,Diego Morales BedregalDinamiten la EMI,Anónimo,2024-08-19 17:16:51,"{'pagina': 'confesiones_emi', 'tipo': 'publicacion'}",fb_0ae2bd7da5a6708ce91acade57e61544,Publicación de confesiones_emi,2026-08-11T16:18:55.128976,0,0,https://www.facebook.com/p/Confesiones-EMI-100063576877118/,estimada_por_periodo
facebook,,Gerald OrozcoAbel hay mejores formas de salir del closet,Anónimo,2024-04-24 19:29:34,"{'pagina': 'confesiones_emi', 'tipo': 'publicacion'}",fb_6cb454822bac66bb5b127187e5a15b53,Publicación de confesiones_emi,2026-08-11T16:18:55.264099,0,0,https://www.facebook.com/p/Confesiones-EMI-100063576877118/,estimada_por_periodo
facebook,,"Bryton ArmingMuy caro amigo, como 700 el par?",Anónimo,2024-05-26 14:05:35,"{'pagina': 'confesiones_emi', 'tipo': 'publicacion'}",fb_1b9d10296d0b0afe67f878ff3740782b,Publicación de confesiones_emi,2026-08-11T16:18:55.402695,0,0,https://www.facebook.com/p/Confesiones-EMI-100063576877118/,estimada_por_periodo
facebook,,Andre ApazaBryton Arming confirmó,Anónimo,2024-07-30 21:40:39,"{'pagina': 'confesiones_emi', 'tipo': 'publicacion'}",fb_60514f8efefeda6b9206ef9878fd7d29,Publicación de confesiones_emi,2026-08-11T16:18:55.539254,0,0,https://www.facebook.com/p/Confesiones-EMI-100063576877118/,estimada_por_periodo
facebook,,Erika FloresNúmero de referencia?,Anónimo,2026-03-17 21:23:36,"{'pagina': 'confesiones_emi', 'tipo': 'publicacion'}",fb_15a0c76cbae78fb54f6e7cb2a46879f0,Publicación de confesiones_emi,2026-08-11T16:18:55.654422,0,0,https://www.facebook.com/p/Confesiones-EMI-100063576877118/,estimada_por_periodo
facebook,,"Dayana AlvarezDenigrar e insultar a estudiantes, docentes y personal administrativo de una institución es una práctica despreciable que no s…",Anónimo,2024-06-21 19:04:02,"{'pagina': 'confesiones_emi', 'tipo': 'publicacion'}",fb_9aa4c4fa1b37b3add4e032a100bcd5e5,Publicación de confesiones_emi,2026-08-11T16:18:55.779459,0,0,https://www.facebook.com/p/Confesiones-EMI-100063576877118/,estimada_por_periodo
facebook,,Oshin Danny EddyJaja pero solo sigan le los pasos a ese director y verán q es un cara cambia hipócrita de frente te habla bien y de tus espald…,Anónimo,2024-12-20 11:49:18,"{'pagina': 'confesiones_emi', 'tipo': 'publicacion'}",fb_f347329314969bfa73a82894e537a656,Publicación de confesiones_emi,2026-08-11T16:18:55.897013,0,0,https://www.facebook.com/p/Confesiones-EMI-100063576877118/,estimada_por_periodo
facebook,,Eugenio EspejoApoco entran a clases,Anónimo,2024-05-08 21:14:55,"{'pagina': 'confesiones_emi', 'tipo': 'publicacion'}",fb_620f0fb6b542a360583ff6cc8c5879f6,Publicación de confesiones_emi,2026-08-11T16:18:56.027555,0,0,https://www.facebook.com/p/Confesiones-EMI-100063576877118/,estimada_por_periodo
facebook,,"Rodrigo G Rosas""Voy a pensar que entran a clases """,Anónimo,2024-05-17 14:17:29,"{'pagina': 'confesiones_emi', 'tipo': 'publicacion'}",fb_7af94cc53ebffa21c07b84bad6afe501,Publicación de confesiones_emi,2026-08-11T16:18:56.165049,0,0,https://www.facebook.com/p/Confesiones-EMI-100063576877118/,estimada_por_periodo
facebook,,Israel Joel Loza GutierrezPOV: *el que se aplazó en el Optativo virtual*,Anónimo,2024-12-10 21:23:10,"{'pagina': 'confesiones_emi', 'tipo': 'publicacion'}",fb_2c5f1751af2968917de4290f199629a6,Publicación de confesiones_emi,2026-08-11T16:18:56.310595,0,0,https://www.facebook.com/p/Confesiones-EMI-100063576877118/,estimada_por_periodo
facebook,,Kylian Jonas BarreroIsrael Joel Loza Gutierrez fija lija fue ese,Anónimo,2024-08-29 13:13:42,"{'pagina': 'confesiones_emi', 'tipo': 'publicacion'}",fb_1c5e42666e378d2d4948410d6929527e,Publicación de confesiones_emi,2026-08-11T16:18:56.460690,0,0,https://www.facebook.com/p/Confesiones-EMI-100063576877118/,estimada_por_periodo
facebook,,"Soleto Roca Arnold KevinYa que se anda yendo mejor seria que confienze, antes de guardar sus sentimientos ese peji",Anónimo,2024-07-20 19:59:43,"{'pagina': 'confesiones_emi', 'tipo': 'publicacion'}",fb_6060f7091d6c5c3182d2f3644816c9e5,Publicación de confesiones_emi,2026-08-11T16:18:56.617225,0,0,https://www.facebook.com/p/Confesiones-EMI-100063576877118/,estimada_por_periodo
facebook,,Jhonny FloresNo sé quiénes son peorLas que están con un hombre con esposa o el hombre que busca cualquiera teniendo esposa …,Anónimo,2024-12-15 09:38:40,"{'pagina': 'confesiones_emi', 'tipo': 'publicacion'}",fb_9a6a11dc791c95602799b0f51807d4e6,Publicación de confesiones_emi,2026-08-11T16:18:56.793834,0,0,https://www.facebook.com/p/Confesiones-EMI-100063576877118/,estimada_por_periodo
facebook,,"Raul Cortez RodriguezColega por siacaso en ningun título de ninguna universidad en la parte posterior imprime tus notas, no te procupes de lo que e…",Anónimo,2024-06-13 16:46:15,"{'pagina': 'confesiones_emi', 'tipo': 'publicacion'}",fb_c159a7249fe3631ecffe58fe20362ef4,Publicación de confesiones_emi,2026-08-11T16:18:57.015112,0,0,https://www.facebook.com/p/Confesiones-EMI-100063576877118/,estimada_por_periodo
facebook,,Joel Israel Laura Venturaestudia hermano,Anónimo,2024-06-10 15:24:17,"{'pagina': 'confesiones_emi', 'tipo': 'publicacion'}",fb_05590e78b81320ee4f6da6d1eda6bc99,Publicación de confesiones_emi,2026-08-11T16:18:57.218220,0,0,https://www.facebook.com/p/Confesiones-EMI-100063576877118/,estimada_por_periodo
facebook,,Camila MuñozJoel Israel Laura Ventura tu ya no estás en la EMI que hablas.,Anónimo,2025-04-02 18:44:35,"{'pagina': 'confesiones_emi', 'tipo': 'publicacion'}",fb_d76d3f78ddbffcf72fe3b2be5bc8a602,Publicación de confesiones_emi,2026-08-11T16:18:57.340754,0,0,https://www.facebook.com/p/Confesiones-EMI-100063576877118/,estimada_por_periodo
facebook,,Michael Angel Oroscoestudien en ves de estar publicando tonteras y fijandose que hace o no hace el o la otr años,Anónimo,,"{'pagina': 'confesiones_emi', 'tipo': 'publicacion'}",fb_e60815eb5ccecc5f046590d3303fd8d9,Publicación de confesiones_emi,2026-08-11T16:18:57.544065,0,0,https://www.facebook.com/p/Confesiones-EMI-100063576877118/,no_disponible
facebook,,Alan Criss Cuellar AquinoFree pass a los que tienen varicela,Anónimo,2024-07-02 18:20:53,"{'pagina': 'confesiones_emi', 'tipo': 'publicacion'}",fb_06adfabd62aadebbc0507b8413280a65,Publicación de confesiones_emi,2026-08-11T16:18:57.673100,0,0,https://www.facebook.com/p/Confesiones-EMI-100063576877118/,estimada_por_periodo
facebook,,Mauricio Vicker CastilloSeguro el teniente se agarró a su novia,Anónimo,2025-01-31 20:03:14,"{'pagina': 'confesiones_emi', 'tipo': 'publicacion'}",fb_0afc3ea4f79d34de516818085a4d0a9a,Publicación de confesiones_emi,2026-08-11T16:18:57.891184,0,0,https://www.facebook.com/p/Confesiones-EMI-100063576877118/,estimada_por_periodo
facebook,,Eric CaritaRedacta un informe déjalo en recepción de documentos en el estado mayor y que lo deriven al DEP VI,Anónimo,2025-02-21 08:51:20,"{'pagina': 'confesiones_emi', 'tipo': 'publicacion'}",fb_c21c2499060064b91194e6e8ae9b92e2,Publicación de confesiones_emi,2026-08-11T16:18:58.099298,0,0,https://www.facebook.com/p/Confesiones-EMI-100063576877118/,estimada_por_periodo
facebook,,Bismarck Cirilo RiosYa empezó mi novela:,Anónimo,2024-09-10 12:04:13,"{'pagina': 'confesiones_emi', 'tipo': 'publicacion'}",fb_45eca5f274415ac47a27858fa544acdf,Publicación de confesiones_emi,2026-08-11T16:18:58.238696,0,0,https://www.facebook.com/p/Confesiones-EMI-100063576877118/,estimada_por_periodo
facebook,,Luis Fernando Condoriría estar en esa carrera es como Disneylandia para los amantes de los chismes,Anónimo,2025-03-28 17:56:45,"{'pagina': 'confesiones_emi', 'tipo': 'publicacion'}",fb_2d3fef5698ba69f1bb42609090920c52,Publicación de confesiones_emi,2026-08-11T16:18:58.408407,0,0,https://www.facebook.com/p/Confesiones-EMI-100063576877118/,estimada_por_periodo
facebook,,A V Richi RicardoLavado de dinero?,Anónimo,2024-08-08 11:41:31,"{'pagina': 'confesiones_emi', 'tipo': 'publicacion'}",fb_62cb8497773c3b57b7226878153098ea,Publicación de confesiones_emi,2026-08-11T16:18:58.545979,0,0,https://www.facebook.com/p/Confesiones-EMI-100063576877118/,estimada_por_periodo
facebook,,Jhonny FloresA todo esto¿Que carrera es?,Anónimo,2024-09-08 18:29:09,"{'pagina': 'confesiones_emi', 'tipo': 'publicacion'}",fb_f9d1d8de38fa97f2b018eea942564af3,Publicación de confesiones_emi,2026-08-11T16:18:58.733019,0,0,https://www.facebook.com/p/Confesiones-EMI-100063576877118/,estimada_por_periodo
facebook,,Daniela MonrroyJhonny Flores por los nombres o es sistemas o comercial,Anónimo,2024-07-19 10:15:47,"{'pagina': 'confesiones_emi', 'tipo': 'publicacion'}",fb_1fb7fd64660bd366f00416a631a5ac8b,Publicación de confesiones_emi,2026-08-11T16:18:58.903136,0,0,https://www.facebook.com/p/Confesiones-EMI-100063576877118/,estimada_por_periodo
facebook,,Madeleine RendonSi la chica de tercero ni supo responder jaja me parece alguien bien vulgar por la forma q respondió algo tan sencillo no pudo hacerlo bien,Anónimo,2024-11-12 16:16:47,"{'pagina': 'confesiones_emi', 'tipo': 'publicacion'}",fb_fbf431e1ef03f7f9a007d6fd610bb7ec,Publicación de confesiones_emi,2026-08-11T16:18:59.063252,0,0,https://www.facebook.com/p/Confesiones-EMI-100063576877118/,estimada_por_periodo
facebook,,Rene RodriguezEspera a 3er semestre 5to 7mo y 9no y 10mo xD,Anónimo,2024-11-21 14:57:37,"{'pagina': 'confesiones_emi', 'tipo': 'publicacion'}",fb_81fa1d9d837da9aeaa60cf2f04c53188,Publicación de confesiones_emi,2026-08-11T16:18:59.216361,0,0,https://www.facebook.com/p/Confesiones-EMI-100063576877118/,estimada_por_periodo
facebook,,Abad Cocarico GomezJajaja nosotros de alto Irpavi tenemos que estar a las 0720 am formando jajaja,Anónimo,2024-09-10 13:14:08,"{'pagina': 'confesiones_emi', 'tipo': 'publicacion'}",fb_f4b5e70ae861ae58e0fdca4485a9649c,Publicación de confesiones_emi,2026-08-11T16:18:59.341589,0,0,https://www.facebook.com/p/Confesiones-EMI-100063576877118/,estimada_por_periodo
facebook,,"Natali CawayAprende a redactar primero antes de hablar de la DD, que es una excelente persona.",Anónimo,2024-10-22 15:05:48,"{'pagina': 'confesiones_emi', 'tipo': 'publicacion'}",fb_428996851d6ef39e84c1f128ef1899da,Publicación de confesiones_emi,2026-08-11T16:18:59.470655,0,0,https://www.facebook.com/p/Confesiones-EMI-100063576877118/,estimada_por_periodo
facebook,,Pedrito PerezNatali Caway porqué no te callas fea de mrd,Anónimo,2024-04-26 21:07:09,"{'pagina': 'confesiones_emi', 'tipo': 'publicacion'}",fb_e5b660d2df2f04f96f8d83fefd971574,Publicación de confesiones_emi,2026-08-11T16:18:59.622742,0,0,https://www.facebook.com/p/Confesiones-EMI-100063576877118/,estimada_por_periodo
facebook,,Rene RodriguezLas confesiones de ahora ya no son cheberes como las de antes v:,Anónimo,2024-12-07 10:50:43,"{'pagina': 'confesiones_emi', 'tipo': 'publicacion'}",fb_4af3aadfa08977105ec3a4a08763c0a5,Publicación de confesiones_emi,2026-08-11T16:18:59.775836,0,0,https://www.facebook.com/p/Confesiones-EMI-100063576877118/,estimada_por_periodo
facebook,,"Juan Carlos Rivero AyalaRene Rodriguez ah si hermano, la nueva generación no se hace sentir",Anónimo,2024-09-18 17:04:24,"{'pagina': 'confesiones_emi', 'tipo': 'publicacion'}",fb_7a9520e8c1674d7a92f44b1f364f9ccb,Publicación de confesiones_emi,2026-08-11T16:18:59.915961,0,0,https://www.facebook.com/p/Confesiones-EMI-100063576877118/,estimada_por_periodo
facebook,,"Samy SalSegún lo que se enseña en instrucción uno debe prever tiempos, si así es estudiando imagínate cuando trabajes si te atrazas te…",Anónimo,2024-09-03 17:29:33,"{'pagina': 'confesiones_emi', 'tipo': 'publicacion'}",fb_a5a8b04cab77fb122550c4e8ab070cb5,Publicación de confesiones_emi,2026-08-11T16:19:00.036022,0,0,https://www.facebook.com/p/Confesiones-EMI-100063576877118/,estimada_por_periodo
facebook,,"Nia Pomier LópezSi son los de Totes que hicieron la publicación, no hablen para los estudiantes, ustedes saben lo que hicieron el año pasado e…",Anónimo,2024-07-14 16:55:00,"{'pagina': 'confesiones_emi', 'tipo': 'publicacion'}",fb_5914614be4e88d03393ea0628eaf77a3,Publicación de confesiones_emi,2026-08-11T16:19:00.150539,0,0,https://www.facebook.com/p/Confesiones-EMI-100063576877118/,estimada_por_periodo
facebook,,Rodriguez RaquelPero al entrar te hacen firmar un compromiso donde específica esa parte,Anónimo,2024-12-28 19:07:43,"{'pagina': 'confesiones_emi', 'tipo': 'publicacion'}",fb_7e7aadf532a62348a276593f56dc1545,Publicación de confesiones_emi,2026-08-11T16:19:00.264630,0,0,https://www.facebook.com/p/Confesiones-EMI-100063576877118/,estimada_por_periodo
facebook,,"Carlos TeranQue vergüenza que una docente escriba por este medio, es falta de profesionalismo y de formación, nadie le obliga a trabajar e…",Anónimo,2025-03-17 16:48:17,"{'pagina': 'confesiones_emi', 'tipo': 'publicacion'}",fb_68bd967996f74fc07de711ccc8398641,Publicación de confesiones_emi,2026-08-11T16:19:00.382208,0,0,https://www.facebook.com/p/Confesiones-EMI-100063576877118/,estimada_por_periodo
facebook,,"Ezequiel Wolff igual es esa vieja lok4 una docente de dibujo una desgreñada en irpavi, ya la deben conocer",Anónimo,2025-01-31 18:21:07,"{'pagina': 'confesiones_emi', 'tipo': 'publicacion'}",fb_ea3ba64669f28d8868980f76696990e1,Publicación de confesiones_emi,2026-08-11T16:19:00.497812,0,0,https://www.facebook.com/p/Confesiones-EMI-100063576877118/,estimada_por_periodo
facebook,,Miguel PerezMildred Arnez ahí te buscan hermana,Anónimo,2024-07-30 14:10:29,"{'pagina': 'confesiones_emi', 'tipo': 'publicacion'}",fb_f52f5099e7dc0c9dfae8a1181f321c63,Publicación de confesiones_emi,2026-08-11T16:19:00.618352,0,0,https://www.facebook.com/p/Confesiones-EMI-100063576877118/,estimada_por_periodo
facebook,,Erick MenaMejor metete ala umsa en ahí si te atrasas un pago ya te llegan a amenazar con darte de baja en la institución o no dejarte da…,Anónimo,2026-09-29 19:56:46,"{'pagina': 'confesiones_emi_2', 'tipo': 'publicacion'}",fb_76eea153ae5f681933754b07b10dcd66,Publicación de confesiones_emi_2,2026-08-11T16:20:02.923822,0,0,https://www.facebook.com/people/Confesiones-EMI-20/61569086544131/,estimada_por_periodo
facebook,,"Confesiones EMI 2.01 h · Compartido con: PúblicoConfesión sabe dónde tenemos que ir para que nos den el pasaje de bajada o subida al ir a hacer guardia?O es que ya se les pu dr!0 la cabeza que a los de alto irpavi hacen bajar al Playón y viceversa, no tienen lógica estos militares",Anónimo,,"{'pagina': 'Confesiones EMI 2.0', 'tipo': 'publicacion', 'url_origen': 'https://www.facebook.com/people/Confesiones-EMI-20/61569086544131/'}",fb_91aeb240e1e038593a223f6ffd4e0306,Publicación de Confesiones EMI 2.0,2026-08-18T10:50:03.721329,0,0,https://www.facebook.com/people/Confesiones-EMI-20/61569086544131/,no_disponible
